CustomerID,Age,Gender,Occupation,MonthlyIncome,Region,Branch,FCYAccount,ETBAccount,MobileBanking,InternetBanking,RemittanceCount,TotalRemittanceUSD,AverageTransactionUSD,FCYPurchaseUSD,LastTransactionDays,ExistingProducts,LeadStatus,AgeGroup,HighIncome,FrequentRemittance,HighRemittance,ActiveCustomer,DigitalCustomer,CustomerValueScore,MonthlyRemittanceAverage,FCYUtilizationRate,RelationshipScore,PotentialFCYCustomer
100001,59,Female,Business Owner,71321,Addis Ababa,Adama,Yes,Yes,Yes,No,5,5145,857.5,2167,166,2,0,51-60,0,0,1,0,0,24368.8,428.75,0.42118561710398444,4,0
100002,49,Male,Merchant,144028,Amhara,CMC,No,Yes,No,No,8,8416,935.11,1779,150,5,0,41-50,1,1,1,0,0,48416.4,701.33,0.21138307984790874,6,1
100003,35,Female,Teacher,86131,Addis Ababa,Bole,No,Yes,Yes,No,5,5925,987.5,2163,363,2,0,31-40,1,0,1,0,0,29201.8,493.75,0.3650632911392405,4,0
100004,63,Female,Merchant,37963,Tigray,Megenagna,Yes,Yes,No,Yes,5,3815,635.83,1569,343,3,0,61-70,0,0,0,0,0,13896.4,317.92,0.4112712975098296,5,0
100005,28,Male,Private Employee,113757,Amhara,CMC,No,Yes,No,No,3,3033,758.25,1615,68,3,0,21-30,1,0,0,0,0,36243.6,252.75,0.5324760962743159,4,0
100006,41,Male,Private Employee,111259,Harari,Hawassa,Yes,Yes,No,Yes,6,6162,880.29,2023,221,1,0,41-50,1,0,1,0,0,36658.7,513.5,0.3283024991885751,3,0
100007,59,Female,Private Employee,51063,Sidama,Piassa,Yes,Yes,Yes,No,9,9144,914.4,7817,271,3,0,51-60,0,1,1,0,0,20490.9,762.0,0.8548775153105862,5,0
100008,39,Male,Business Owner,126225,Tigray,CMC,No,Yes,No,No,9,6435,643.5,4689,321,2,0,31-40,1,1,1,0,0,41485.0,536.25,0.7286713286713287,3,1
100009,43,Male,Business Owner,128400,Dire Dawa,Mexico,No,Yes,Yes,Yes,6,3090,441.43,815,310,1,0,41-50,1,0,0,0,1,40265.0,257.5,0.26375404530744334,4,0
100010,31,Female,Doctor,92818,Harari,Mexico,No,Yes,Yes,No,6,2274,324.86,1563,349,3,0,31-40,1,0,0,0,0,29582.399999999998,189.5,0.6873350923482849,5,0
100011,31,Female,Private Employee,16703,Sidama,Piassa,No,Yes,No,No,4,4312,862.4,2976,20,3,0,31-40,0,0,0,1,0,7766.9,359.33,0.6901669758812616,4,0
100012,44,Female,Business Owner,84099,Oromia,Bole,No,Yes,Yes,No,5,3895,649.17,3572,289,5,0,41-50,1,0,0,0,0,28177.2,324.58,0.9170731707317074,7,0
100013,56,Female,Farmer,168921,SNNPR,Megenagna,Yes,No,Yes,Yes,6,7140,1020.0,1444,100,1,0,51-60,1,0,1,0,1,54446.299999999996,595.0,0.20224089635854342,3,0
100014,60,Female,Business Owner,174932,Tigray,CMC,Yes,Yes,No,Yes,4,3384,676.8,1306,252,5,0,51-60,1,0,0,0,0,55171.6,282.0,0.3859338061465721,7,0
100015,44,Female,Teacher,43585,Oromia,Mexico,No,Yes,Yes,Yes,4,4400,880.0,3941,77,5,0,41-50,0,0,0,0,1,16275.5,366.67,0.8956818181818181,8,0
100016,23,Female,Merchant,165087,Tigray,Bole,No,Yes,Yes,Yes,7,2219,277.38,1995,135,5,0,21-30,1,0,0,0,1,51635.6,184.92,0.8990536277602523,8,0
100017,42,Female,Private Employee,55585,Dire Dawa,Piassa,Yes,Yes,No,Yes,3,1392,348.0,1030,173,4,0,41-50,0,0,0,0,0,18171.5,116.0,0.7399425287356322,6,0
100018,22,Male,Engineer,38958,Tigray,Bahir Dar,Yes,Yes,Yes,No,9,7416,741.6,5742,363,5,0,21-30,0,1,1,0,0,16395.4,618.0,0.7742718446601942,7,0
100019,44,Male,Merchant,38017,Oromia,Adama,No,Yes,No,Yes,1,501,250.5,134,201,2,0,41-50,0,0,0,0,0,12055.6,41.75,0.26746506986027946,4,0
100020,64,Female,Merchant,136677,Dire Dawa,Bahir Dar,No,Yes,Yes,No,9,9360,936.0,5479,217,3,1,61-70,1,1,1,0,0,46283.1,780.0,0.5853632478632479,5,1
100021,50,Female,Business Owner,155273,Amhara,Bahir Dar,Yes,Yes,Yes,No,11,7095,591.25,2651,208,4,0,41-50,1,1,1,0,0,50929.4,591.25,0.3736434108527132,6,0
100022,58,Female,Business Owner,41426,Addis Ababa,Mexico,No,Yes,Yes,No,5,3325,554.17,1116,74,5,0,51-60,0,0,0,0,0,15090.3,277.08,0.3356390977443609,7,0
100023,22,Female,Engineer,29778,Sidama,Hawassa,No,Yes,Yes,Yes,4,2988,597.6,2413,11,3,0,21-30,0,0,0,1,1,11027.4,249.0,0.8075635876840697,6,0
100024,41,Female,Government Employee,54229,Tigray,Hawassa,Yes,Yes,Yes,No,6,4872,696.0,1467,287,1,0,41-50,0,0,0,0,0,18904.699999999997,406.0,0.30110837438423643,3,0
100025,53,Male,Private Employee,98652,Sidama,Piassa,Yes,Yes,No,No,6,3708,529.71,2044,256,1,0,51-60,1,0,0,0,0,31649.6,309.0,0.5512405609492989,2,0
100026,32,Male,Government Employee,140267,SNNPR,CMC,No,No,Yes,Yes,7,3612,451.5,3265,12,3,0,31-40,1,0,0,1,1,44486.1,301.0,0.9039313399778516,5,0
100027,42,Male,Engineer,138503,Oromia,Hawassa,No,Yes,Yes,Yes,10,3330,302.73,1130,78,2,0,41-50,1,1,0,0,1,43615.9,277.5,0.33933933933933935,5,1
100028,64,Male,Private Employee,96878,Sidama,Bahir Dar,Yes,Yes,Yes,No,6,7020,1002.86,6553,172,3,0,61-70,1,0,1,0,0,33173.399999999994,585.0,0.9334757834757835,5,0
100029,45,Male,Teacher,69056,Oromia,Hawassa,No,Yes,Yes,Yes,8,4520,502.22,4274,96,3,1,41-50,0,1,0,0,1,23576.8,376.67,0.945575221238938,6,0
100030,69,Female,Merchant,170562,Sidama,Bahir Dar,No,Yes,Yes,Yes,7,6573,821.62,4053,306,4,0,61-70,1,0,1,0,1,55255.1,547.75,0.6166134185303515,7,0
100031,47,Male,Doctor,31975,Addis Ababa,Megenagna,No,Yes,Yes,Yes,9,9207,920.7,3016,273,1,1,41-50,0,1,1,0,1,14396.0,767.25,0.327576843705876,4,0
100032,62,Female,Student,169795,Addis Ababa,Mexico,No,Yes,Yes,Yes,4,4296,859.2,1877,179,1,0,61-70,1,0,0,0,1,53286.5,358.0,0.43691806331471134,4,0
100033,48,Male,Teacher,166351,Dire Dawa,Mexico,No,Yes,Yes,No,5,5615,935.83,2910,64,5,0,41-50,1,0,1,0,0,53712.799999999996,467.92,0.5182546749777382,7,0
100034,36,Female,Teacher,154633,Addis Ababa,CMC,No,No,Yes,Yes,5,1895,315.83,818,132,3,0,31-40,1,0,0,0,1,47937.4,157.92,0.4316622691292876,5,0
100035,35,Male,Business Owner,100397,Dire Dawa,Hawassa,No,Yes,Yes,No,6,5856,836.57,2403,343,3,0,31-40,1,0,1,0,0,33647.1,488.0,0.4103483606557377,5,0
100036,67,Male,Merchant,45142,Addis Ababa,Hawassa,No,Yes,Yes,No,3,2136,534.0,1984,272,2,0,61-70,0,0,0,0,0,15010.6,178.0,0.9288389513108615,4,0
100037,64,Male,Private Employee,38916,Addis Ababa,Adama,No,Yes,Yes,No,3,1653,413.25,520,319,1,0,61-70,0,0,0,0,0,12701.3,137.75,0.3145795523290986,3,0
100038,23,Female,Private Employee,76324,Addis Ababa,Bole,No,Yes,No,No,6,1866,266.57,1399,332,2,0,21-30,0,0,0,0,0,24230.2,155.5,0.7497320471596999,3,0
100039,57,Male,Merchant,137932,Oromia,Megenagna,Yes,Yes,Yes,No,7,4900,612.5,981,341,4,0,51-60,1,0,0,0,0,44629.6,408.33,0.20020408163265307,6,0
100040,27,Female,Merchant,147720,Tigray,Mexico,No,Yes,No,Yes,6,6690,955.71,4329,109,5,0,21-30,1,0,1,0,0,48661.0,557.5,0.647085201793722,7,0
100041,41,Male,Private Employee,178205,Dire Dawa,Megenagna,No,Yes,Yes,No,8,8184,909.33,7258,273,2,1,41-50,1,1,1,0,0,57953.5,682.0,0.886852394916911,4,1
100042,29,Male,Merchant,108059,Sidama,Mexico,Yes,Yes,Yes,No,7,4067,508.38,1691,168,1,0,21-30,1,0,0,0,0,34651.2,338.92,0.41578559134497173,3,0
100043,59,Female,Teacher,110317,Addis Ababa,Megenagna,No,Yes,No,No,8,3288,365.33,1115,180,4,0,51-60,1,1,0,0,0,35539.1,274.0,0.33911192214111924,5,1
100044,38,Male,Merchant,47046,Oromia,Piassa,No,Yes,Yes,No,4,4088,817.6,2815,58,3,0,31-40,0,0,0,0,0,16757.8,340.67,0.6886007827788649,5,0
100045,24,Male,Engineer,113459,Oromia,Bahir Dar,Yes,Yes,No,Yes,1,677,338.5,497,79,4,0,21-30,1,0,0,0,0,35176.2,56.42,0.7341211225997046,6,0
100046,45,Male,Doctor,57893,Oromia,Mexico,No,Yes,Yes,Yes,3,3150,787.5,2255,61,2,0,41-50,0,0,0,0,1,19342.899999999998,262.5,0.7158730158730159,5,0
100047,34,Male,Student,113520,Dire Dawa,Megenagna,Yes,Yes,Yes,No,7,3969,496.12,1744,121,1,0,31-40,1,0,0,0,0,36240.5,330.75,0.4394053917863442,3,0
100048,29,Female,Merchant,137818,Tigray,Hawassa,Yes,No,Yes,Yes,6,3582,511.71,1393,207,2,0,21-30,1,0,0,0,1,43536.4,298.5,0.3888888888888889,4,0
100049,46,Male,Doctor,73272,Dire Dawa,Bole,No,No,Yes,No,7,4312,539.0,3953,34,3,0,41-50,0,0,0,0,0,24737.6,359.33,0.9167439703153989,4,0
100050,22,Male,Student,79649,Sidama,Piassa,Yes,Yes,Yes,Yes,3,2607,651.75,2326,70,3,0,21-30,0,0,0,0,1,25798.2,217.25,0.8922132719601074,6,0
100051,40,Male,NGO Employee,76674,Tigray,Piassa,No,Yes,Yes,Yes,10,8080,734.55,4387,17,1,1,31-40,0,1,1,1,1,27242.2,673.33,0.5429455445544554,4,0
100052,48,Female,Government Employee,156832,Amhara,Bole,No,Yes,Yes,Yes,11,9295,774.58,7758,20,5,1,41-50,1,1,1,1,1,52697.1,774.58,0.8346422807961269,8,1
100053,67,Male,Business Owner,164999,Harari,Megenagna,No,Yes,Yes,Yes,5,5370,895.0,2895,315,4,0,61-70,1,0,1,0,1,52984.7,447.5,0.5391061452513967,7,0
100054,27,Male,Private Employee,98475,Oromia,Hawassa,No,Yes,Yes,No,4,2656,531.2,1376,69,4,0,21-30,1,0,0,0,0,31670.5,221.33,0.5180722891566265,6,0
100055,64,Female,Government Employee,73367,Dire Dawa,CMC,Yes,Yes,Yes,Yes,2,1692,564.0,537,215,3,0,61-70,0,0,0,0,1,23456.1,141.0,0.3173758865248227,6,0
100056,28,Female,Farmer,155660,Amhara,Bole,No,Yes,No,No,10,5700,518.18,2962,161,2,0,21-30,1,1,1,0,0,49948.0,475.0,0.5196491228070176,3,1
100057,67,Male,Engineer,133750,SNNPR,Megenagna,Yes,No,Yes,No,7,5411,676.38,3263,102,2,0,61-70,1,0,1,0,0,43230.5,450.92,0.6030308630567363,3,0
100058,55,Male,Teacher,130154,Dire Dawa,Bole,No,Yes,No,Yes,15,15570,973.12,3376,206,5,0,51-60,1,1,1,0,0,47831.2,1297.5,0.2168272318561336,7,1
100059,34,Male,Government Employee,56738,Addis Ababa,Bole,No,Yes,No,No,5,4180,696.67,2228,145,2,0,31-40,0,0,0,0,0,19511.399999999998,348.33,0.5330143540669856,3,0
100060,37,Male,Teacher,45397,Harari,Mexico,Yes,Yes,Yes,No,11,5863,488.58,4608,57,4,0,31-40,0,1,1,0,0,17350.6,488.58,0.7859457615555177,6,0
100061,56,Male,Farmer,94189,Addis Ababa,Megenagna,No,Yes,Yes,No,4,1432,286.4,1016,83,2,0,51-60,1,0,0,0,0,29372.7,119.33,0.7094972067039106,4,0
100062,60,Male,Engineer,88367,Tigray,CMC,No,Yes,Yes,Yes,3,1650,412.5,1116,269,5,0,51-60,1,0,0,0,1,28335.1,137.5,0.6763636363636364,8,0
100063,24,Male,NGO Employee,132585,Harari,Bahir Dar,No,Yes,Yes,No,7,8022,1002.75,7076,187,4,0,21-30,1,0,1,0,0,44586.5,668.5,0.8820742956868611,6,0
100064,22,Male,Farmer,88619,Dire Dawa,Mexico,No,Yes,Yes,No,6,2310,330.0,493,6,2,0,21-30,1,0,0,1,0,28140.7,192.5,0.21341991341991343,4,0
100065,26,Female,Private Employee,123453,Sidama,Bole,Yes,Yes,Yes,Yes,6,6372,910.29,3936,353,4,0,21-30,1,0,1,0,1,41021.9,531.0,0.6177024482109228,7,0
100066,62,Female,Teacher,31816,Amhara,Bahir Dar,No,Yes,Yes,Yes,7,4823,602.88,3812,350,3,0,61-70,0,0,0,0,1,12556.3,401.92,0.7903794318888658,6,0
100067,24,Male,Business Owner,149348,Sidama,Adama,Yes,Yes,Yes,No,9,4311,431.1,2612,110,3,0,21-30,1,1,0,0,0,47559.9,359.25,0.6058919044305265,5,0
100068,49,Female,Government Employee,91530,Dire Dawa,Bahir Dar,No,Yes,Yes,Yes,8,8144,904.89,3607,138,3,1,41-50,1,1,1,0,1,32131.0,678.67,0.4429027504911591,6,1
100069,38,Female,Teacher,166571,Tigray,Bole,No,Yes,Yes,No,9,10395,1039.5,3141,51,2,1,31-40,1,1,1,0,0,55568.799999999996,866.25,0.3021645021645022,4,1
100070,46,Male,Private Employee,120856,Addis Ababa,Bole,No,Yes,Yes,Yes,5,2240,373.33,1939,51,5,0,41-50,1,0,0,0,1,38376.799999999996,186.67,0.865625,8,0
100071,64,Male,Doctor,83635,Harari,Hawassa,No,Yes,No,No,10,8820,801.82,4878,87,4,0,61-70,1,1,1,0,0,30300.5,735.0,0.5530612244897959,5,1
100072,54,Male,Business Owner,119803,Sidama,Megenagna,Yes,Yes,Yes,No,6,2520,360.0,2163,68,1,0,51-60,1,0,0,0,0,37400.9,210.0,0.8583333333333333,3,0
100073,30,Male,Teacher,47946,Dire Dawa,Megenagna,No,Yes,Yes,Yes,6,6384,912.0,4081,84,3,0,21-30,0,0,1,0,1,18175.8,532.0,0.6392543859649122,6,0
100074,56,Female,Private Employee,67204,Sidama,Mexico,No,Yes,Yes,Yes,12,10848,834.46,7654,42,3,1,51-60,0,1,1,0,1,26185.2,904.0,0.7055678466076696,6,0
100075,34,Male,Student,27563,Dire Dawa,CMC,Yes,Yes,Yes,No,2,1110,370.0,891,219,1,0,31-40,0,0,0,0,0,9023.9,92.5,0.8027027027027027,3,0
100076,51,Male,Doctor,104324,Addis Ababa,Mexico,No,Yes,Yes,No,5,5325,887.5,3697,57,1,0,51-60,1,0,1,0,0,34159.7,443.75,0.6942723004694835,3,0
100077,68,Female,Government Employee,21847,Harari,Piassa,Yes,Yes,Yes,No,6,6978,996.86,3478,226,2,0,61-70,0,0,1,0,0,10443.099999999999,581.5,0.4984236170822585,4,0
100078,35,Female,Merchant,38155,Amhara,Bole,No,No,Yes,Yes,14,15386,1025.73,9004,196,4,1,31-40,0,1,1,0,1,19939.5,1282.17,0.5852073313401794,6,0
100079,28,Male,Student,91671,Addis Ababa,Bahir Dar,No,No,Yes,Yes,7,4256,532.0,3414,248,3,0,21-30,1,0,0,0,1,30229.3,354.67,0.8021616541353384,5,0
100080,34,Female,Business Owner,128891,Sidama,Adama,No,Yes,Yes,Yes,11,3938,328.17,1891,166,5,0,31-40,1,1,0,0,1,41636.299999999996,328.17,0.4801929913661757,8,1
100081,43,Female,Private Employee,95310,Amhara,Bole,Yes,Yes,Yes,No,17,6256,347.56,3072,62,2,0,41-50,1,1,1,0,0,32121.0,521.33,0.49104859335038364,4,0
100082,60,Female,Business Owner,161381,Dire Dawa,Bole,No,Yes,Yes,Yes,11,8195,682.92,2227,263,2,1,51-60,1,1,1,0,1,52911.799999999996,682.92,0.2717510677242221,5,1
100083,41,Male,Merchant,143691,Amhara,Mexico,No,Yes,No,Yes,6,4122,588.86,3651,112,5,0,41-50,1,0,0,0,0,46168.299999999996,343.5,0.8857350800582242,7,0
100084,36,Female,Engineer,46707,Dire Dawa,Adama,No,Yes,No,No,7,2695,336.88,723,253,5,0,31-40,0,0,0,0,0,16359.6,224.58,0.26827458256029685,6,0
100085,65,Male,Farmer,163409,Addis Ababa,Adama,No,Yes,Yes,No,7,7595,949.38,5211,199,5,0,61-70,1,0,1,0,0,53820.2,632.92,0.6861092824226465,7,0
100086,38,Female,Business Owner,93537,Sidama,Adama,No,Yes,No,Yes,6,3156,450.86,1609,178,1,0,31-40,1,0,0,0,0,29839.1,263.0,0.5098225602027884,3,0
100087,67,Female,Private Employee,103155,Tigray,Mexico,No,Yes,Yes,Yes,7,6244,780.5,3148,26,3,0,61-70,1,0,1,1,1,34668.5,520.33,0.50416399743754,6,0
100088,44,Female,Farmer,12281,Sidama,Bole,No,Yes,Yes,No,6,5550,792.86,3938,246,1,0,41-50,0,0,1,0,0,6659.299999999999,462.5,0.7095495495495495,3,0
100089,46,Female,Business Owner,170492,Dire Dawa,Mexico,No,Yes,Yes,No,7,3381,422.62,846,19,3,0,41-50,1,0,0,1,0,53438.1,281.75,0.2502218278615794,5,0
100090,45,Female,Government Employee,144130,Oromia,Megenagna,No,No,Yes,Yes,12,13092,1007.08,8447,265,1,1,41-50,1,1,1,0,1,49985.0,1091.0,0.6452031775129851,3,1
100091,65,Female,NGO Employee,88260,Harari,Megenagna,No,Yes,Yes,No,3,1863,465.75,1451,317,4,0,61-70,1,0,0,0,0,28209.5,155.25,0.7788513150831992,6,0
100092,61,Male,Farmer,171476,SNNPR,Mexico,No,Yes,Yes,No,7,4319,539.88,3546,20,3,0,61-70,1,0,0,1,0,54202.299999999996,359.92,0.821023385042834,5,0
100093,49,Male,Farmer,172928,Tigray,Adama,No,Yes,Yes,Yes,3,2595,648.75,850,106,2,0,41-50,1,0,0,0,1,53575.9,216.25,0.32755298651252407,5,0
100094,35,Male,Teacher,152272,Amhara,Hawassa,Yes,Yes,No,Yes,8,5584,620.44,4875,237,3,0,31-40,1,1,1,0,0,49073.6,465.33,0.8730300859598854,5,0
100095,65,Female,Merchant,76178,Tigray,Bole,Yes,Yes,No,No,6,6048,864.0,4185,306,3,0,61-70,0,0,1,0,0,26477.399999999998,504.0,0.6919642857142857,4,0
100096,21,Male,Doctor,45997,Harari,Mexico,Yes,Yes,Yes,No,10,11980,1089.09,10319,246,3,0,21-30,0,1,1,0,0,20389.1,998.33,0.8613522537562605,5,0
100097,45,Male,Business Owner,168683,Amhara,Mexico,Yes,No,Yes,Yes,7,4144,518.0,2337,81,4,0,41-50,1,0,0,0,1,53476.9,345.33,0.5639478764478765,6,0
100098,27,Male,Government Employee,131273,Harari,Mexico,No,Yes,Yes,No,6,3552,507.43,2154,150,1,0,21-30,1,0,0,0,0,41357.9,296.0,0.606418918918919,3,0
100099,29,Male,Business Owner,178129,Amhara,Hawassa,No,Yes,Yes,No,7,5488,686.0,4880,10,2,0,21-30,1,0,1,1,0,56582.7,457.33,0.8892128279883382,4,0
100100,44,Female,Business Owner,144311,Tigray,Hawassa,No,Yes,Yes,Yes,10,11980,1089.09,10481,321,1,1,41-50,1,1,1,0,1,49483.299999999996,998.33,0.8748747913188648,4,1
100101,21,Female,Engineer,138945,Amhara,Piassa,No,Yes,Yes,No,7,5222,652.75,2799,224,1,0,21-30,1,0,1,0,0,44494.5,435.17,0.5360015319800843,3,0
100102,64,Male,Government Employee,57272,Amhara,Megenagna,No,No,Yes,No,6,6612,944.57,2683,264,5,0,61-70,0,0,1,0,0,21487.6,551.0,0.4057773744706594,6,0
100103,28,Female,Government Employee,101393,Oromia,Bahir Dar,No,Yes,No,Yes,4,3964,792.8,1961,149,4,0,21-30,1,0,0,0,0,33199.899999999994,330.33,0.49470232088799193,6,0
100104,44,Male,Private Employee,73212,Sidama,Adama,No,Yes,Yes,Yes,6,7146,1020.86,3507,278,5,0,41-50,0,0,1,0,1,26536.6,595.5,0.4907640638119228,8,0
100105,31,Male,Private Employee,158470,Sidama,CMC,No,Yes,Yes,Yes,7,4977,622.12,2066,274,4,0,31-40,1,0,0,0,1,50829.5,414.75,0.41510950371709865,7,0
100106,37,Female,Engineer,132030,SNNPR,Hawassa,No,Yes,Yes,No,8,6456,717.33,2591,194,1,1,31-40,1,1,1,0,0,43037.0,538.0,0.40133209417596033,3,1
100107,28,Male,Private Employee,68503,SNNPR,Bahir Dar,Yes,Yes,Yes,No,3,3099,774.75,2621,172,1,0,21-30,0,0,0,0,0,22300.399999999998,258.25,0.845756695708293,3,0
100108,55,Male,Farmer,149710,Dire Dawa,Hawassa,No,Yes,Yes,Yes,8,8680,964.44,2190,265,4,1,51-60,1,1,1,0,1,50053.0,723.33,0.2523041474654378,7,1
100109,55,Female,Business Owner,18570,Dire Dawa,Adama,No,Yes,Yes,No,9,10701,1070.1,7578,310,1,1,51-60,0,1,1,0,0,11121.5,891.75,0.7081581160639192,3,0
100110,53,Male,Merchant,80785,Dire Dawa,CMC,No,Yes,Yes,No,7,3801,475.12,1252,26,1,0,51-60,1,0,0,1,0,26336.0,316.75,0.3293870034201526,3,0
100111,25,Male,Teacher,21110,Oromia,Piassa,Yes,Yes,No,No,11,7909,659.08,3625,350,2,0,21-30,0,1,1,0,0,10687.5,659.08,0.4583386015931218,3,0
100112,62,Male,Business Owner,91141,SNNPR,Mexico,No,Yes,Yes,Yes,7,3171,396.38,780,356,5,0,61-70,1,0,0,0,1,29927.8,264.25,0.24597918637653737,8,0
100113,59,Male,Doctor,24115,Harari,Piassa,No,Yes,Yes,Yes,3,3345,836.25,1346,26,5,0,51-60,0,0,0,1,1,9907.0,278.75,0.4023916292974589,8,0
100114,61,Male,Business Owner,51062,Dire Dawa,Hawassa,Yes,Yes,Yes,Yes,4,2892,578.4,2245,34,5,0,61-70,0,0,0,0,1,17764.6,241.0,0.7762793914246197,8,0
100115,48,Male,Private Employee,34911,Dire Dawa,Piassa,No,Yes,No,No,8,4576,508.44,3952,264,3,0,41-50,0,1,0,0,0,13361.3,381.33,0.8636363636363636,4,0
100116,27,Female,Student,116061,Tigray,Bahir Dar,No,Yes,Yes,Yes,6,5676,810.86,2078,138,2,0,21-30,1,0,1,0,1,38056.299999999996,473.0,0.36610288935870333,5,0
100117,29,Female,Private Employee,44556,Addis Ababa,Bole,No,Yes,No,No,8,8992,999.11,4924,304,5,0,21-30,0,1,1,0,0,18862.8,749.33,0.5475978647686833,6,0
100118,28,Female,Government Employee,140335,Harari,Hawassa,Yes,Yes,No,Yes,8,6552,728.0,3621,183,5,0,21-30,1,1,1,0,0,46376.5,546.0,0.5526556776556777,7,0
100119,32,Female,Doctor,13969,Dire Dawa,Hawassa,No,Yes,Yes,Yes,10,4270,388.18,3651,363,2,1,31-40,0,1,0,0,1,6725.7,355.83,0.8550351288056206,5,0
100120,54,Female,Government Employee,55753,Dire Dawa,Bahir Dar,No,Yes,No,No,4,2688,537.6,2075,242,1,0,51-60,0,0,0,0,0,18269.899999999998,224.0,0.7719494047619048,2,0
100121,53,Male,Teacher,147542,Dire Dawa,Megenagna,No,Yes,No,No,8,6936,770.67,4056,54,5,0,51-60,1,1,1,0,0,48730.6,578.0,0.5847750865051903,6,1
100122,68,Male,Business Owner,133863,Addis Ababa,CMC,Yes,Yes,No,Yes,7,6559,819.88,4611,168,1,0,61-70,1,0,1,0,0,43638.4,546.58,0.7030035066321085,3,0
100123,43,Male,NGO Employee,22225,Addis Ababa,Mexico,No,Yes,Yes,Yes,6,2748,392.57,2295,119,5,0,41-50,0,0,0,0,1,9041.5,229.0,0.8351528384279476,8,0
100124,44,Male,Engineer,135008,Oromia,Bahir Dar,No,Yes,Yes,No,9,7830,783.0,1622,143,4,1,41-50,1,1,1,0,0,45217.4,652.5,0.20715197956577266,6,1
100125,57,Male,Merchant,166268,Harari,CMC,No,Yes,Yes,Yes,6,5214,744.86,2618,81,3,0,51-60,1,0,1,0,1,53087.4,434.5,0.5021097046413502,6,0
100126,55,Male,NGO Employee,117823,Oromia,Adama,No,Yes,Yes,Yes,8,7608,845.33,6698,245,5,1,51-60,1,1,1,0,1,40150.9,634.0,0.8803890641430073,8,1
100127,64,Female,Business Owner,25669,Amhara,CMC,Yes,Yes,Yes,No,5,2375,395.83,1793,352,4,0,61-70,0,0,0,0,0,9688.2,197.92,0.7549473684210526,6,0
100128,60,Female,Student,136398,Addis Ababa,Adama,No,Yes,Yes,Yes,9,8271,827.1,5021,358,2,1,51-60,1,1,1,0,1,45454.9,689.25,0.6070608148954177,5,1
100129,42,Male,Government Employee,122677,Tigray,Bahir Dar,Yes,Yes,No,No,11,5610,467.5,3350,62,4,0,41-50,1,1,1,0,0,40408.1,467.5,0.5971479500891266,5,0
100130,47,Male,Business Owner,60320,SNNPR,Hawassa,No,Yes,No,Yes,4,2984,596.8,1375,46,2,0,41-50,0,0,0,0,0,19988.0,248.67,0.46079088471849866,4,0
100131,55,Male,Private Employee,158649,Tigray,Hawassa,Yes,Yes,Yes,Yes,8,7080,786.67,4179,87,5,0,51-60,1,1,1,0,1,52134.7,590.0,0.5902542372881356,8,0
100132,21,Female,Merchant,137354,SNNPR,Megenagna,No,Yes,No,Yes,4,1864,372.8,1289,99,2,0,21-30,1,0,0,0,0,42538.2,155.33,0.6915236051502146,4,0
100133,55,Female,Government Employee,100009,Addis Ababa,Bahir Dar,No,Yes,No,Yes,3,2277,569.25,1169,295,4,0,51-60,1,0,0,0,0,31941.199999999997,189.75,0.5133948177426438,6,0
100134,57,Male,Teacher,40625,Addis Ababa,Adama,No,Yes,Yes,Yes,4,2624,524.8,1930,53,3,0,51-60,0,0,0,0,1,14099.5,218.67,0.7355182926829268,6,0
100135,67,Female,Teacher,36089,Addis Ababa,CMC,Yes,Yes,Yes,Yes,7,4221,527.62,3570,192,1,0,61-70,0,0,0,0,1,13137.199999999999,351.75,0.845771144278607,4,0
100136,34,Male,Student,48487,Oromia,CMC,No,Yes,Yes,No,2,1064,354.67,336,80,1,0,31-40,0,0,0,0,0,15278.1,88.67,0.3157894736842105,3,0
100137,23,Male,Government Employee,122448,Harari,Adama,Yes,Yes,Yes,Yes,8,5008,556.44,2697,16,3,0,21-30,1,1,1,1,1,39838.4,417.33,0.5385383386581469,6,0
100138,21,Male,Farmer,62138,SNNPR,Piassa,No,Yes,Yes,Yes,9,10647,1064.7,5387,360,1,1,21-30,0,1,1,0,1,24164.899999999998,887.25,0.5059641213487367,4,0
100139,25,Male,Business Owner,66061,Harari,Megenagna,No,Yes,Yes,No,12,5772,444.0,4130,326,5,1,21-30,0,1,1,0,0,23704.3,481.0,0.7155232155232155,7,0
100140,46,Female,Private Employee,173731,Oromia,Bole,No,Yes,Yes,No,3,2799,699.75,1084,194,5,0,41-50,1,0,0,0,0,54518.799999999996,233.25,0.38728117184708827,7,0
100141,34,Female,Private Employee,113376,Oromia,Hawassa,No,Yes,Yes,Yes,13,8229,587.79,5597,141,4,1,31-40,1,1,1,0,1,38927.299999999996,685.75,0.6801555474541257,7,1
100142,59,Male,Business Owner,174962,Sidama,Mexico,No,Yes,No,No,7,7098,887.25,6090,108,4,0,51-60,1,0,1,0,0,56837.6,591.5,0.8579881656804734,5,0
100143,47,Female,Engineer,91134,Tigray,CMC,Yes,Yes,Yes,Yes,3,984,246.0,505,303,2,0,41-50,1,0,0,0,1,28232.2,82.0,0.5132113821138211,5,0
100144,29,Female,Merchant,59055,Tigray,Mexico,No,Yes,No,Yes,3,3039,759.75,2684,265,4,0,21-30,0,0,0,0,0,20036.0,253.25,0.8831852583086541,6,0
100145,35,Female,Business Owner,31508,Amhara,Bole,No,Yes,No,No,4,1568,313.6,1481,290,5,0,31-40,0,0,0,0,0,11236.4,130.67,0.9445153061224489,6,0
100146,35,Male,Government Employee,170056,Dire Dawa,Bahir Dar,No,Yes,No,No,4,4560,912.0,1274,209,4,0,31-40,1,0,0,0,0,54096.799999999996,380.0,0.2793859649122807,5,0
100147,46,Male,Government Employee,122169,Oromia,Mexico,Yes,Yes,No,Yes,5,5835,972.5,2186,165,1,0,41-50,1,0,1,0,0,39768.2,486.25,0.37463581833761783,3,0
100148,62,Male,Government Employee,20125,SNNPR,Bole,No,Yes,No,Yes,5,4935,822.5,4504,342,2,0,61-70,0,0,0,0,0,8905.0,411.25,0.9126646403242148,4,0
100149,33,Male,Student,48059,Sidama,Hawassa,No,Yes,Yes,No,7,4403,550.38,4045,320,2,0,31-40,0,0,0,0,0,17019.199999999997,366.92,0.9186918010447422,4,0
100150,52,Male,Government Employee,115409,Sidama,Adama,No,Yes,Yes,Yes,8,8176,908.44,2234,152,5,1,51-60,1,1,1,0,1,39710.7,681.33,0.27323874755381605,8,1
100151,59,Female,Government Employee,160159,Dire Dawa,Piassa,No,Yes,Yes,No,8,3864,429.33,816,290,4,0,51-60,1,1,0,0,0,50779.7,322.0,0.2111801242236025,6,1
100152,69,Male,Private Employee,17704,Harari,Hawassa,No,Yes,Yes,Yes,3,1182,295.5,379,268,1,0,61-70,0,0,0,0,1,6102.2,98.5,0.3206429780033841,4,0
100153,52,Male,Doctor,123279,Dire Dawa,CMC,Yes,Yes,Yes,No,6,6504,929.14,6159,151,4,0,51-60,1,0,1,0,0,41035.7,542.0,0.9469557195571956,6,0
100154,24,Male,Student,170280,Dire Dawa,Bole,Yes,Yes,Yes,No,7,6636,829.5,2223,207,3,0,21-30,1,0,1,0,0,55002.0,553.0,0.33499095840867993,5,0
100155,50,Male,Doctor,130516,Dire Dawa,Mexico,No,Yes,No,No,4,4192,838.4,2418,255,4,0,41-50,1,0,0,0,0,42050.799999999996,349.33,0.5768129770992366,5,0
100156,57,Male,Farmer,168995,Tigray,CMC,Yes,Yes,No,No,9,5868,586.8,4907,353,5,0,51-60,1,1,1,0,0,54632.5,489.0,0.8362304021813224,6,0
100157,43,Male,Merchant,126044,Oromia,Piassa,No,Yes,No,No,5,2820,470.0,607,141,4,0,41-50,1,0,0,0,0,40023.2,235.0,0.21524822695035462,5,0
100158,59,Male,Government Employee,41165,Amhara,Adama,No,Yes,Yes,Yes,4,3784,756.8,2472,343,2,0,51-60,0,0,0,0,1,14641.5,315.33,0.653276955602537,5,0
100159,65,Male,Student,79203,Oromia,Bahir Dar,Yes,Yes,Yes,Yes,8,7640,848.89,3115,358,1,0,61-70,0,1,1,0,1,27780.899999999998,636.67,0.40772251308900526,4,0
100160,35,Male,Engineer,16114,Harari,CMC,Yes,Yes,Yes,Yes,4,1272,254.4,1077,96,5,0,31-40,0,0,0,0,1,6470.2,106.0,0.8466981132075472,8,0
100161,63,Female,Farmer,48321,Addis Ababa,Bahir Dar,Yes,Yes,Yes,No,7,7294,911.75,3009,227,3,0,61-70,0,0,1,0,0,18743.3,607.83,0.41253084727173017,5,0
100162,49,Male,Engineer,85297,Dire Dawa,Bole,No,Yes,Yes,No,9,8505,850.5,6081,193,1,1,41-50,1,1,1,0,0,30041.6,708.75,0.7149911816578484,3,1
100163,56,Male,Engineer,108652,Oromia,Piassa,No,Yes,Yes,Yes,6,5550,792.86,3916,303,1,0,51-60,1,0,1,0,1,35570.6,462.5,0.7055855855855856,4,0
100164,33,Male,Farmer,111304,Harari,Mexico,No,Yes,No,Yes,7,5586,698.25,2045,314,2,0,31-40,1,0,1,0,0,36584.2,465.5,0.36609380594343,4,0
100165,52,Female,Student,168498,Addis Ababa,Piassa,No,Yes,Yes,Yes,5,2190,365.0,495,118,2,0,51-60,1,0,0,0,1,52044.4,182.5,0.22602739726027396,5,0
100166,27,Male,NGO Employee,29772,Addis Ababa,Piassa,Yes,Yes,Yes,No,7,6552,819.0,3321,5,2,0,21-30,0,0,1,1,0,12607.6,546.0,0.5068681318681318,4,0
100167,42,Male,Farmer,115754,Dire Dawa,Megenagna,No,Yes,Yes,No,7,7105,888.12,2962,352,5,0,41-50,1,0,1,0,0,39278.7,592.08,0.4168895144264602,7,0
100168,48,Female,Farmer,15712,Amhara,Piassa,Yes,Yes,Yes,No,6,5232,747.43,4220,243,4,0,41-50,0,0,1,0,0,8129.599999999999,436.0,0.8065749235474006,6,0
100169,22,Male,Government Employee,144439,SNNPR,Piassa,No,No,Yes,No,8,8488,943.11,6792,21,1,1,21-30,1,1,1,1,0,47775.7,707.33,0.8001885014137606,2,1
100170,62,Female,Farmer,127142,Tigray,Hawassa,No,Yes,No,Yes,8,8872,985.78,4815,152,4,0,61-70,1,1,1,0,0,43378.6,739.33,0.5427186654643823,6,1
100171,65,Male,Government Employee,103736,Oromia,CMC,No,Yes,Yes,No,10,8240,749.09,5396,128,4,1,61-70,1,1,1,0,0,36040.8,686.67,0.6548543689320389,6,1
100172,26,Male,Merchant,63924,Addis Ababa,Mexico,No,Yes,Yes,Yes,8,4432,492.44,2894,124,2,1,21-30,0,1,0,0,1,21793.2,369.33,0.6529783393501805,5,0
100173,48,Male,Student,15726,Oromia,Hawassa,No,Yes,Yes,Yes,2,768,256.0,630,146,4,0,41-50,0,0,0,0,1,5901.8,64.0,0.8203125,7,0
100174,48,Female,Merchant,101152,SNNPR,Hawassa,No,Yes,Yes,Yes,9,6813,681.3,3534,277,1,1,41-50,1,1,1,0,1,33952.1,567.75,0.5187142228093351,4,1
100175,64,Male,Business Owner,39723,Tigray,CMC,No,Yes,Yes,Yes,10,8310,755.45,3378,310,1,1,61-70,0,1,1,0,1,16271.9,692.5,0.4064981949458484,4,0
100176,64,Female,Private Employee,138969,SNNPR,CMC,Yes,Yes,Yes,No,10,8610,782.73,3433,152,3,0,61-70,1,1,1,0,0,46595.7,717.5,0.39872241579558654,5,0
100177,40,Male,Government Employee,112494,Tigray,Bole,No,Yes,Yes,Yes,5,4875,812.5,2935,360,5,0,31-40,1,0,0,0,1,37185.7,406.25,0.602051282051282,8,0
100178,50,Female,Engineer,152180,Sidama,CMC,Yes,Yes,Yes,No,9,3519,351.9,1889,111,4,0,41-50,1,1,0,0,0,48213.5,293.25,0.5368002273373117,6,0
100179,31,Male,Private Employee,47643,Tigray,Megenagna,Yes,Yes,Yes,No,5,4495,749.17,2382,116,5,0,31-40,0,0,0,0,0,17540.4,374.58,0.5299221357063404,7,0
100180,48,Female,Government Employee,174396,Dire Dawa,Megenagna,No,Yes,Yes,No,11,4048,337.33,1086,188,5,1,41-50,1,1,0,0,0,55342.799999999996,337.33,0.2682806324110672,7,1
100181,45,Male,Business Owner,115896,Amhara,Hawassa,No,Yes,No,Yes,8,2688,298.67,1986,57,5,0,41-50,1,1,0,0,0,37112.799999999996,224.0,0.7388392857142857,7,1
100182,59,Male,Doctor,151999,SNNPR,Bahir Dar,No,Yes,Yes,No,11,11704,975.33,4216,251,5,1,51-60,1,1,1,0,0,52451.7,975.33,0.36021872863978127,7,1
100183,53,Male,Engineer,105680,Addis Ababa,Bole,No,Yes,Yes,Yes,6,6378,911.14,2217,150,1,0,51-60,1,0,1,0,1,35093.0,531.5,0.3476011288805268,4,0
100184,21,Male,Government Employee,108546,Dire Dawa,Bahir Dar,No,Yes,Yes,No,7,3073,384.12,1565,162,4,0,21-30,1,0,0,0,0,34900.3,256.08,0.5092743247640742,6,0
100185,47,Male,Business Owner,165515,Sidama,Bahir Dar,Yes,Yes,Yes,No,5,5830,971.67,2161,120,3,0,41-50,1,0,1,0,0,53169.5,485.83,0.3706689536878216,5,0
100186,33,Male,Merchant,91973,Amhara,Hawassa,Yes,Yes,Yes,No,3,3576,894.0,2281,70,5,0,31-40,1,0,0,0,0,30379.899999999998,298.0,0.6378635346756152,7,0
100187,61,Female,Farmer,75449,Oromia,Adama,No,Yes,Yes,Yes,10,9790,890.0,4685,351,3,1,61-70,0,1,1,0,1,28129.7,815.83,0.47854954034729313,6,0
100188,23,Male,Farmer,121834,Dire Dawa,Hawassa,No,Yes,Yes,No,3,2595,648.75,1392,99,1,0,21-30,1,0,0,0,0,38047.7,216.25,0.5364161849710982,3,0
100189,59,Female,Business Owner,37537,SNNPR,Mexico,No,Yes,No,Yes,7,8379,1047.38,5051,167,1,0,51-60,0,0,1,0,0,15650.6,698.25,0.6028165652225803,3,0
100190,26,Female,Merchant,89576,Harari,Mexico,No,Yes,Yes,Yes,8,3816,424.0,1345,298,2,0,21-30,1,1,0,0,1,29180.8,318.0,0.35246331236897277,5,1
100191,28,Male,Business Owner,119522,Harari,CMC,Yes,Yes,No,Yes,6,6648,949.71,2106,151,5,0,21-30,1,0,1,0,0,40180.6,554.0,0.3167870036101083,7,0
100192,47,Female,Teacher,34612,Addis Ababa,CMC,No,No,Yes,Yes,7,7784,973.0,6696,326,2,0,41-50,0,0,1,0,1,14675.6,648.67,0.8602261048304214,4,0
100193,29,Female,Merchant,18471,Tigray,Adama,No,Yes,No,Yes,4,4680,936.0,2458,2,3,0,21-30,0,0,0,1,0,8481.3,390.0,0.5252136752136752,5,0
100194,57,Male,Business Owner,178703,Addis Ababa,CMC,Yes,Yes,No,No,2,1834,611.33,933,152,4,0,51-60,1,0,0,0,0,55327.9,152.83,0.5087241003271538,5,0
100195,53,Male,Business Owner,43348,Harari,Mexico,No,Yes,Yes,No,5,2180,363.33,494,65,2,0,51-60,0,0,0,0,0,14494.4,181.67,0.22660550458715598,4,0
100196,62,Male,Merchant,13177,Oromia,Bahir Dar,No,Yes,No,Yes,3,1467,366.75,841,326,1,0,61-70,0,0,0,0,0,4886.6,122.25,0.5732788002726653,3,0
100197,64,Male,Doctor,147832,Sidama,Hawassa,Yes,Yes,Yes,Yes,8,7512,834.67,4624,69,5,0,61-70,1,1,1,0,1,49105.6,626.0,0.6155484558040468,8,0
100198,44,Male,Merchant,44779,Sidama,Piassa,No,Yes,No,Yes,6,3846,549.43,2381,121,3,0,41-50,0,0,0,0,0,15956.699999999999,320.5,0.6190847633905356,5,0
100199,35,Male,Farmer,33636,SNNPR,Megenagna,No,Yes,Yes,Yes,4,3432,686.4,2506,109,1,0,31-40,0,0,0,0,1,12006.8,286.0,0.7301864801864801,4,0
100200,52,Female,Engineer,93889,Sidama,Piassa,Yes,Yes,Yes,Yes,7,2128,266.0,708,316,4,0,51-60,1,0,0,0,1,30030.7,177.33,0.33270676691729323,7,0
100201,52,Female,Merchant,65551,SNNPR,Piassa,No,Yes,Yes,No,8,4448,494.22,1731,247,5,1,51-60,0,1,0,0,0,22889.3,370.67,0.3891636690647482,7,0
100202,44,Male,Business Owner,154628,Dire Dawa,Mexico,Yes,Yes,No,Yes,2,2222,740.67,1795,93,4,0,41-50,1,0,0,0,0,48299.4,185.17,0.8078307830783078,6,0
100203,61,Male,Teacher,170670,SNNPR,Piassa,No,Yes,Yes,Yes,8,7688,854.22,6998,268,4,1,61-70,1,1,1,0,1,55845.0,640.67,0.9102497398543185,7,1
100204,69,Male,Business Owner,154635,Dire Dawa,Hawassa,No,Yes,Yes,Yes,6,6630,947.14,2001,103,5,0,61-70,1,0,1,0,1,50705.5,552.5,0.3018099547511312,8,0
100205,69,Male,Business Owner,58819,SNNPR,Adama,No,Yes,Yes,No,6,3252,464.57,1864,112,5,0,61-70,0,0,0,0,0,20271.7,271.0,0.5731857318573186,7,0
100206,32,Male,Student,85770,Harari,Bole,No,Yes,No,No,5,5430,905.0,1958,321,4,0,31-40,1,0,1,0,0,29246.0,452.5,0.3605893186003683,5,0
100207,59,Female,Government Employee,170038,Harari,CMC,No,Yes,Yes,No,7,7133,891.62,1747,304,3,0,51-60,1,0,1,0,0,55177.9,594.42,0.2449179868218141,5,0
100208,22,Male,Private Employee,170059,Tigray,Bole,No,Yes,Yes,No,3,2142,535.5,951,344,5,0,21-30,1,0,0,0,0,53088.7,178.5,0.44397759103641454,7,0
100209,23,Female,Business Owner,90714,Dire Dawa,Bahir Dar,No,Yes,Yes,Yes,10,9260,841.82,2849,62,1,1,21-30,1,1,1,0,1,32044.2,771.67,0.3076673866090713,4,1
100210,69,Female,NGO Employee,36596,Amhara,Hawassa,Yes,Yes,Yes,Yes,4,4024,804.8,2947,300,2,0,61-70,0,0,0,0,1,13390.8,335.33,0.7323558648111332,5,0
100211,57,Male,Government Employee,176246,Dire Dawa,Hawassa,No,Yes,Yes,No,8,5136,570.67,3083,136,3,1,51-60,1,1,1,0,0,56041.799999999996,428.0,0.6002725856697819,5,1
100212,69,Female,Government Employee,76106,SNNPR,Megenagna,No,Yes,No,Yes,10,9810,891.82,3020,55,5,0,61-70,0,1,1,0,0,28736.8,817.5,0.30784913353720694,7,0
100213,37,Male,Government Employee,71182,SNNPR,Hawassa,No,Yes,Yes,No,5,3390,565.0,701,108,5,0,31-40,0,0,0,0,0,24049.6,282.5,0.20678466076696164,7,0
100214,69,Male,Government Employee,99163,Amhara,CMC,Yes,Yes,Yes,Yes,5,4465,744.17,3599,303,3,0,61-70,1,0,0,0,1,32581.399999999998,372.08,0.806047032474804,6,0
100215,22,Male,Government Employee,51310,Addis Ababa,Hawassa,No,Yes,Yes,Yes,6,5790,827.14,1923,258,2,0,21-30,0,0,1,0,1,18688.0,482.5,0.3321243523316062,5,0
100216,22,Female,Business Owner,68088,SNNPR,Piassa,No,Yes,Yes,No,3,2856,714.0,1869,253,4,0,21-30,0,0,0,0,0,22654.399999999998,238.0,0.6544117647058824,6,0
100217,48,Female,Merchant,140803,Tigray,Megenagna,No,Yes,Yes,No,7,7875,984.38,3564,222,1,0,41-50,1,0,1,0,0,46378.4,656.25,0.45257142857142857,3,0
100218,43,Female,Private Employee,151978,Sidama,CMC,No,Yes,Yes,No,9,4005,400.5,2559,167,5,1,41-50,1,1,0,0,0,48595.9,333.75,0.6389513108614232,7,1
100219,57,Female,Business Owner,48914,Sidama,Adama,Yes,Yes,Yes,Yes,6,3732,533.14,1629,160,2,0,51-60,0,0,0,0,1,16940.199999999997,311.0,0.4364951768488746,5,0
100220,52,Female,Government Employee,122350,Oromia,Adama,No,Yes,No,No,6,2526,360.86,669,166,1,0,51-60,1,0,0,0,0,38168.0,210.5,0.2648456057007126,2,0
100221,53,Female,Private Employee,57379,Oromia,Adama,No,Yes,Yes,Yes,5,2755,459.17,1011,205,3,0,51-60,0,0,0,0,1,19191.2,229.58,0.36696914700544464,6,0
100222,21,Female,Merchant,58413,Sidama,Adama,Yes,Yes,No,Yes,3,3462,865.5,1180,267,5,0,21-30,0,0,0,0,0,20254.899999999998,288.5,0.340843443096476,7,0
100223,39,Female,Engineer,149084,Sidama,Piassa,No,Yes,No,Yes,7,8386,1048.25,4369,138,4,0,31-40,1,0,1,0,0,49718.2,698.83,0.5209873598855235,6,0
100224,22,Male,Government Employee,19151,Harari,Hawassa,No,Yes,Yes,Yes,6,3660,522.86,2538,346,3,0,21-30,0,0,0,0,1,8175.3,305.0,0.6934426229508197,6,0
100225,64,Male,Business Owner,69716,Tigray,Bole,Yes,Yes,No,Yes,7,6300,787.5,2506,248,5,0,61-70,0,0,1,0,0,25064.8,525.0,0.3977777777777778,7,0
100226,46,Female,Private Employee,105747,Amhara,CMC,No,Yes,Yes,Yes,6,4644,663.43,970,55,2,0,41-50,1,0,0,0,1,34446.1,387.0,0.20887166236003446,5,0
100227,52,Male,Teacher,179450,Oromia,Piassa,No,Yes,Yes,Yes,4,3476,695.2,2048,209,1,0,51-60,1,0,0,0,1,55773.0,289.67,0.5891829689298044,4,0
100228,26,Male,Engineer,156539,Harari,Adama,No,Yes,Yes,Yes,8,6328,703.11,4140,17,1,1,21-30,1,1,1,1,1,50325.7,527.33,0.6542351453855879,4,1
100229,52,Female,Merchant,174082,Harari,Bahir Dar,Yes,Yes,Yes,Yes,10,8740,794.55,8059,68,5,0,51-60,1,1,1,0,1,57594.6,728.33,0.9220823798627003,8,0
100230,24,Male,Private Employee,133999,Amhara,Hawassa,No,Yes,Yes,Yes,8,5168,574.22,3318,133,3,1,21-30,1,1,1,0,1,43383.7,430.67,0.6420278637770898,6,1
100231,31,Male,NGO Employee,126793,Harari,Bole,No,Yes,Yes,Yes,8,8952,994.67,4953,188,4,1,31-40,1,1,1,0,1,43313.9,746.0,0.55328418230563,7,1
100232,37,Female,Government Employee,120177,Dire Dawa,Bahir Dar,No,Yes,Yes,No,5,3930,655.0,2476,308,2,0,31-40,1,0,0,0,0,38418.1,327.5,0.6300254452926208,4,0
100233,58,Female,Government Employee,24289,Tigray,Megenagna,No,Yes,Yes,Yes,10,7720,701.82,6916,138,5,1,51-60,0,1,1,0,1,12146.7,643.33,0.8958549222797928,8,0
100234,44,Male,Business Owner,166243,Sidama,Bahir Dar,No,No,No,Yes,6,4086,583.71,3355,174,2,0,41-50,1,0,0,0,0,52315.9,340.5,0.8210964268232991,3,0
100235,25,Female,Government Employee,98365,SNNPR,Megenagna,No,Yes,Yes,Yes,9,5211,521.1,2304,97,1,1,21-30,1,1,1,0,1,32315.0,434.25,0.4421416234887737,4,1
100236,54,Female,Student,126014,Amhara,Megenagna,No,No,Yes,No,4,1484,296.8,560,171,4,0,51-60,1,0,0,0,0,39346.2,123.67,0.37735849056603776,5,0
100237,26,Male,Doctor,172806,Sidama,Adama,No,Yes,Yes,No,6,4920,702.86,1953,154,2,0,21-30,1,0,0,0,0,54701.799999999996,410.0,0.39695121951219514,4,0
100238,42,Male,Private Employee,84588,Sidama,Megenagna,No,Yes,Yes,No,7,4655,581.88,2692,183,5,0,41-50,1,0,0,0,0,28703.899999999998,387.92,0.5783029001074114,7,0
100239,31,Female,Merchant,75646,Addis Ababa,Mexico,No,Yes,Yes,No,13,5109,364.93,3872,242,4,1,31-40,0,1,1,0,0,26048.3,425.75,0.7578782540614601,6,0
100240,68,Male,Student,15654,Dire Dawa,CMC,No,Yes,No,No,6,4032,576.0,2328,304,3,0,61-70,0,0,0,0,0,7312.2,336.0,0.5773809523809523,4,0
100241,36,Male,Teacher,30743,Amhara,CMC,No,Yes,Yes,No,7,4466,558.25,1120,285,5,0,31-40,0,0,0,0,0,12455.9,372.17,0.2507836990595611,7,0
100242,53,Male,Merchant,60368,Harari,Adama,No,Yes,Yes,No,11,8096,674.67,6012,27,2,1,51-60,0,1,1,1,0,22558.399999999998,674.67,0.7425889328063241,4,0
100243,29,Male,NGO Employee,149513,SNNPR,Mexico,No,Yes,No,Yes,6,3810,544.29,3065,360,4,0,21-30,1,0,0,0,0,47558.9,317.5,0.8044619422572179,6,0
100244,26,Male,Student,131735,Amhara,Bahir Dar,No,Yes,No,Yes,5,4815,802.5,2008,60,5,0,21-30,1,0,0,0,0,42928.0,401.25,0.4170301142263759,7,0
100245,36,Male,Engineer,167683,Harari,Piassa,No,Yes,Yes,Yes,5,3955,659.17,2760,202,4,0,31-40,1,0,0,0,1,53082.4,329.58,0.6978508217446271,7,0
100246,49,Male,Government Employee,131891,Sidama,Bahir Dar,No,Yes,Yes,No,8,9336,1037.33,4854,250,4,1,41-50,1,1,1,0,0,45035.299999999996,778.0,0.5199228791773779,6,1
100247,23,Male,Business Owner,119971,SNNPR,Hawassa,No,Yes,Yes,No,9,3051,305.1,2644,362,4,0,21-30,1,1,0,0,0,38316.799999999996,254.25,0.866601114388725,6,1
100248,40,Female,Teacher,24149,Harari,Piassa,No,Yes,Yes,No,8,5264,584.89,4389,69,2,1,31-40,0,1,1,0,0,10276.7,438.67,0.8337765957446809,4,0
100249,56,Male,Private Employee,112102,Tigray,Megenagna,Yes,No,Yes,Yes,8,6984,776.0,4149,21,5,0,51-60,1,1,1,1,1,38122.6,582.0,0.5940721649484536,7,0
100250,39,Female,Teacher,71189,Harari,Bole,Yes,Yes,Yes,Yes,8,4424,491.56,3179,152,1,0,31-40,0,1,0,0,1,23768.7,368.67,0.7185804701627486,4,0
100251,46,Male,Government Employee,164747,Addis Ababa,Piassa,No,Yes,No,Yes,7,6160,770.0,5313,102,1,0,41-50,1,0,1,0,0,52704.1,513.33,0.8625,3,0
100252,23,Female,Government Employee,83031,Dire Dawa,Bole,Yes,Yes,No,Yes,4,2788,557.6,1594,95,2,0,21-30,1,0,0,0,0,26703.3,232.33,0.5717360114777619,4,0
100253,39,Male,Business Owner,54668,Sidama,CMC,Yes,Yes,Yes,No,6,6336,905.14,2755,361,2,0,31-40,0,0,1,0,0,19968.399999999998,528.0,0.43481691919191917,4,0
100254,40,Female,Government Employee,156745,Harari,Bole,No,Yes,Yes,No,2,2352,784.0,1799,229,4,0,31-40,1,0,0,0,0,48999.5,196.0,0.7648809523809523,6,0
100255,52,Female,Student,100204,Dire Dawa,CMC,Yes,Yes,Yes,Yes,3,1407,351.75,513,125,5,0,51-60,1,0,0,0,1,31764.699999999997,117.25,0.3646055437100213,8,0
100256,27,Male,Teacher,166741,Oromia,Mexico,Yes,Yes,Yes,No,3,2967,741.75,1457,258,5,0,21-30,1,0,0,0,0,52505.799999999996,247.25,0.49106841927873274,7,0
100257,61,Female,Doctor,177140,Oromia,Mexico,No,Yes,Yes,Yes,4,4000,800.0,3397,322,3,0,61-70,1,0,0,0,1,55742.0,333.33,0.84925,6,0
100258,53,Male,Farmer,152507,Dire Dawa,Adama,Yes,Yes,No,No,13,10530,752.14,7827,236,3,0,51-60,1,1,1,0,0,51617.1,877.5,0.7433048433048433,4,0
100259,60,Male,Private Employee,49384,Dire Dawa,Adama,No,Yes,Yes,Yes,5,2795,465.83,1405,162,1,0,51-60,0,0,0,0,1,16412.699999999997,232.92,0.5026833631484794,4,0
100260,59,Male,Merchant,93929,Addis Ababa,Megenagna,No,Yes,Yes,Yes,6,5298,756.86,1912,42,3,0,51-60,1,0,1,0,1,31427.7,441.5,0.36089090222725556,6,0
100261,38,Male,Merchant,139959,Tigray,Piassa,No,Yes,No,Yes,3,2274,568.5,1061,276,3,0,31-40,1,0,0,0,0,43724.7,189.5,0.4665787159190853,5,0
100262,60,Male,Merchant,88153,Sidama,Megenagna,Yes,Yes,Yes,Yes,8,6624,736.0,2736,353,1,0,51-60,1,1,1,0,1,29957.899999999998,552.0,0.41304347826086957,4,0
100263,21,Male,Private Employee,87388,Amhara,CMC,No,Yes,Yes,Yes,6,7086,1012.29,2353,68,1,0,21-30,1,0,1,0,1,29959.399999999998,590.5,0.3320632232571267,4,0
100264,31,Female,Merchant,43401,Addis Ababa,Megenagna,No,Yes,Yes,No,5,3200,533.33,2423,173,3,0,31-40,0,0,0,0,0,15220.3,266.67,0.7571875,5,0
100265,48,Male,Business Owner,131503,Tigray,Bole,No,Yes,Yes,No,8,2848,316.44,1108,331,5,0,41-50,1,1,0,0,0,41874.9,237.33,0.3890449438202247,7,1
100266,45,Male,Student,139834,Dire Dawa,CMC,No,Yes,No,No,10,5170,470.0,2795,125,3,0,41-50,1,1,1,0,0,45135.2,430.83,0.5406189555125726,4,1
100267,43,Male,Teacher,46084,Amhara,Adama,No,Yes,Yes,Yes,10,9180,834.55,4492,170,4,1,41-50,0,1,1,0,1,19215.199999999997,765.0,0.48932461873638344,7,0
100268,51,Male,Business Owner,122641,Dire Dawa,Mexico,No,Yes,Yes,No,3,3345,836.25,3132,47,4,0,51-60,1,0,0,0,0,39264.799999999996,278.75,0.9363228699551569,6,0
100269,50,Male,Farmer,117111,Dire Dawa,Adama,No,Yes,Yes,Yes,10,9840,894.55,4854,261,4,1,41-50,1,1,1,0,1,40853.299999999996,820.0,0.49329268292682926,7,1
100270,62,Female,Engineer,179523,Oromia,Piassa,No,No,No,Yes,4,4120,824.0,1071,217,2,0,61-70,1,0,0,0,0,56316.9,343.33,0.2599514563106796,3,0
100271,55,Male,Government Employee,150299,Oromia,CMC,No,Yes,Yes,No,6,4578,654.0,1224,305,4,0,51-60,1,0,0,0,0,48178.7,381.5,0.2673656618610747,6,0
100272,27,Male,Teacher,174982,Amhara,CMC,No,Yes,Yes,No,6,3276,468.0,2106,124,5,0,21-30,1,0,0,0,0,55132.6,273.0,0.6428571428571429,7,0
100273,36,Male,Teacher,48041,Addis Ababa,Bole,Yes,Yes,Yes,Yes,7,7203,900.38,4678,293,2,0,31-40,0,0,1,0,1,18413.8,600.25,0.6494516173816466,5,0
100274,46,Male,Business Owner,100920,Oromia,Piassa,No,Yes,Yes,Yes,7,4704,588.0,2418,162,2,0,41-50,1,0,0,0,1,33028.0,392.0,0.514030612244898,5,0
100275,68,Female,Business Owner,77681,Sidama,Mexico,Yes,Yes,Yes,No,8,5728,636.44,3000,201,4,0,61-70,0,1,1,0,0,26968.3,477.33,0.5237430167597765,6,0
100276,69,Male,Private Employee,93571,Dire Dawa,Bahir Dar,Yes,Yes,Yes,Yes,7,2310,288.75,555,275,3,0,61-70,1,0,0,0,1,29826.3,192.5,0.24025974025974026,6,0
100277,22,Male,Business Owner,139556,SNNPR,CMC,Yes,No,Yes,Yes,10,6670,606.36,3918,206,1,0,21-30,1,1,1,0,1,45401.799999999996,555.83,0.5874062968515742,3,0
100278,21,Female,Government Employee,38160,Harari,CMC,No,Yes,Yes,No,8,6864,762.67,3971,40,3,1,21-30,0,1,1,0,0,15480.0,572.0,0.5785256410256411,5,0
100279,68,Male,Teacher,29633,Amhara,Bole,No,Yes,No,Yes,7,6615,826.88,2064,273,3,0,61-70,0,0,1,0,0,12797.4,551.25,0.31201814058956917,5,0
100280,32,Female,Government Employee,29014,Amhara,Megenagna,Yes,Yes,Yes,Yes,12,4884,375.69,1357,188,2,0,31-40,0,1,0,0,1,11546.199999999999,407.0,0.27784602784602785,5,0
100281,25,Male,Private Employee,92532,Oromia,Hawassa,Yes,Yes,Yes,Yes,11,9713,809.42,2842,355,2,0,21-30,1,1,1,0,1,33016.1,809.42,0.29259754967569235,5,0
100282,57,Female,NGO Employee,61104,Addis Ababa,Mexico,No,Yes,Yes,No,5,5690,948.33,1569,93,2,0,51-60,0,0,1,0,0,21576.2,474.17,0.2757469244288225,4,0
100283,52,Male,Engineer,89231,Dire Dawa,Adama,No,No,No,No,6,4302,614.57,2827,42,5,0,51-60,1,0,0,0,0,29920.3,358.5,0.6571362157136216,5,0
100284,29,Female,Private Employee,80388,Sidama,Piassa,No,Yes,Yes,No,6,5514,787.71,1915,107,5,0,21-30,1,0,1,0,0,27873.399999999998,459.5,0.34729778745012696,7,0
100285,61,Male,Private Employee,28014,Addis Ababa,CMC,No,Yes,No,No,8,8960,995.56,3481,328,1,0,61-70,0,1,1,0,0,13084.199999999999,746.67,0.3885044642857143,2,0
100286,55,Male,Government Employee,104578,Tigray,CMC,No,No,No,No,10,6970,633.64,2301,65,2,0,51-60,1,1,1,0,0,35258.399999999994,580.83,0.33012912482066,2,1
100287,39,Male,Farmer,176827,Tigray,Adama,Yes,Yes,Yes,Yes,6,3426,489.43,3146,309,4,0,31-40,1,0,0,0,1,55561.1,285.5,0.9182720373613543,7,0
100288,68,Female,Government Employee,52390,SNNPR,Mexico,No,Yes,No,Yes,3,2946,736.5,2477,135,2,0,61-70,0,0,0,0,0,17590.0,245.5,0.8408010862186015,4,0
100289,36,Female,Merchant,35711,Oromia,Hawassa,No,Yes,Yes,No,14,5810,387.33,2166,24,5,1,31-40,0,1,1,1,0,14618.3,484.17,0.3728055077452668,7,0
100290,23,Female,Student,103658,Oromia,Megenagna,Yes,Yes,Yes,No,13,14820,1058.57,6604,28,2,0,21-30,1,1,1,1,0,38907.399999999994,1235.0,0.4456140350877193,4,0
100291,40,Male,Government Employee,69993,Oromia,CMC,No,Yes,No,No,5,4425,737.5,1581,62,5,0,31-40,0,0,0,0,0,24210.399999999998,368.75,0.3572881355932203,6,0
100292,44,Female,Teacher,170285,SNNPR,Hawassa,Yes,Yes,Yes,No,7,3885,485.62,2210,273,2,0,41-50,1,0,0,0,0,53428.0,323.75,0.5688545688545689,4,0
100293,53,Male,Student,19421,Tigray,Mexico,No,Yes,Yes,Yes,8,3040,337.78,652,229,4,0,51-60,0,1,0,0,1,8146.3,253.33,0.21447368421052632,7,0
100294,44,Male,Government Employee,29727,Addis Ababa,Adama,No,Yes,Yes,Yes,5,5395,899.17,3795,20,1,0,41-50,0,0,1,1,1,11815.6,449.58,0.7034291010194624,4,0
100295,31,Male,Teacher,124418,SNNPR,Bole,No,Yes,Yes,Yes,13,5551,396.5,3288,3,4,1,31-40,1,1,1,1,1,40900.9,462.58,0.5923257070798055,7,1
100296,69,Female,Merchant,16358,SNNPR,Megenagna,No,Yes,No,Yes,5,5685,947.5,4968,218,5,0,61-70,0,0,1,0,0,8749.9,473.75,0.8738786279683377,7,0
100297,28,Male,NGO Employee,77108,Addis Ababa,Piassa,No,Yes,Yes,Yes,11,5874,489.5,1899,307,3,1,21-30,0,1,1,0,1,26669.399999999998,489.5,0.3232890704800817,6,0
100298,56,Male,Merchant,106018,Oromia,CMC,Yes,Yes,Yes,No,8,6816,757.33,5473,136,4,0,51-60,1,1,1,0,0,36013.399999999994,568.0,0.8029636150234741,6,0
100299,58,Female,Farmer,136457,Sidama,Mexico,Yes,Yes,Yes,No,2,960,320.0,762,3,2,0,51-60,1,0,0,1,0,41817.1,80.0,0.79375,4,0
100300,60,Male,Merchant,175189,Addis Ababa,Bole,No,Yes,Yes,Yes,8,3648,405.33,1077,193,1,0,51-60,1,1,0,0,1,54580.7,304.0,0.29523026315789475,4,1
100301,40,Male,Teacher,43910,Tigray,Piassa,No,Yes,No,No,9,6777,677.7,3381,73,2,0,31-40,0,1,1,0,0,16961.5,564.75,0.49889331562638334,3,0
100302,55,Male,Engineer,138888,Amhara,Bahir Dar,Yes,Yes,Yes,No,11,9570,797.5,3135,361,2,0,51-60,1,1,1,0,0,46851.4,797.5,0.3275862068965517,4,0
100303,68,Male,Merchant,67754,Dire Dawa,Mexico,No,Yes,No,Yes,7,8092,1011.5,3164,118,4,0,61-70,0,0,1,0,0,25172.2,674.33,0.39100346020761245,6,0
100304,45,Male,Teacher,121847,Amhara,Mexico,Yes,Yes,Yes,No,12,12720,978.46,5055,154,1,0,41-50,1,1,1,0,0,43114.1,1060.0,0.39740566037735847,3,0
100305,55,Male,Private Employee,172443,Harari,Piassa,No,Yes,Yes,No,5,5015,835.83,3095,209,3,0,51-60,1,0,1,0,0,54840.4,417.92,0.617148554336989,5,0
100306,45,Female,Government Employee,50467,Harari,Bole,Yes,Yes,Yes,No,9,2907,290.7,1478,34,2,0,41-50,0,1,0,0,0,16993.6,242.25,0.5084279325765394,4,0
100307,49,Male,Government Employee,160697,SNNPR,Bahir Dar,No,Yes,Yes,No,8,6176,686.22,5625,137,1,1,41-50,1,1,1,0,0,51497.1,514.67,0.9107836787564767,3,1
100308,38,Male,Private Employee,45893,Dire Dawa,Hawassa,No,Yes,Yes,No,8,5592,621.33,1648,318,3,1,31-40,0,1,1,0,0,17163.9,466.0,0.2947067238912732,5,0
100309,66,Female,Private Employee,88329,Amhara,Hawassa,Yes,Yes,Yes,Yes,7,6237,779.62,5802,120,2,0,61-70,1,0,1,0,1,30017.2,519.75,0.9302549302549302,5,0
100310,38,Male,NGO Employee,43007,Sidama,Adama,No,Yes,Yes,Yes,5,2165,360.83,807,115,1,0,31-40,0,0,0,0,1,14184.6,180.42,0.3727482678983834,4,0
100311,22,Male,Government Employee,66253,Oromia,Bole,No,Yes,No,Yes,7,5040,630.0,3929,13,4,0,21-30,0,0,1,1,0,23195.899999999998,420.0,0.7795634920634921,6,0
100312,55,Male,Farmer,24323,Tigray,Megenagna,Yes,Yes,Yes,No,8,4096,455.11,1860,69,2,0,51-60,0,1,0,0,0,9744.9,341.33,0.4541015625,4,0
100313,36,Male,Private Employee,123335,Harari,CMC,Yes,Yes,Yes,Yes,7,8393,1049.12,2579,333,2,0,31-40,1,0,1,0,1,41597.0,699.42,0.3072798760872155,5,0
100314,61,Male,Teacher,124356,Sidama,Piassa,Yes,Yes,Yes,Yes,9,7029,702.9,5928,257,1,0,61-70,1,1,1,0,1,41021.299999999996,585.75,0.8433632095603927,4,0
100315,56,Female,Student,122944,Tigray,Adama,Yes,Yes,Yes,No,7,4529,566.12,1954,89,2,0,51-60,1,0,0,0,0,39547.7,377.42,0.431441819386178,4,0
100316,53,Female,Business Owner,157282,Tigray,Bahir Dar,No,Yes,Yes,No,1,465,232.5,322,47,3,0,51-60,1,0,0,0,0,48017.1,38.75,0.6924731182795699,5,0
100317,24,Male,Teacher,28456,Oromia,Piassa,No,Yes,No,No,7,4529,566.12,2829,260,2,0,21-30,0,0,0,0,0,11201.3,377.42,0.6246412011481564,3,0
100318,53,Male,Government Employee,43367,Dire Dawa,Piassa,No,Yes,No,Yes,3,3444,861.0,1907,228,5,0,51-60,0,0,0,0,0,15732.1,287.0,0.5537166085946573,7,0
100319,34,Male,Doctor,66624,SNNPR,Bole,Yes,Yes,Yes,Yes,8,5576,619.56,3188,180,3,0,31-40,0,1,1,0,1,23375.2,464.67,0.5717360114777619,6,0
100320,41,Female,Private Employee,153178,Amhara,CMC,Yes,Yes,Yes,Yes,6,5292,756.0,3964,10,1,0,41-50,1,0,1,1,1,48799.4,441.0,0.7490551776266062,4,0
100321,68,Male,NGO Employee,80008,Oromia,Megenagna,Yes,Yes,Yes,Yes,2,2050,683.33,544,284,3,0,61-70,1,0,0,0,1,25627.399999999998,170.83,0.2653658536585366,6,0
100322,40,Male,Government Employee,137926,Sidama,Hawassa,No,Yes,Yes,Yes,12,8808,677.54,6175,126,5,1,31-40,1,1,1,0,1,46781.799999999996,734.0,0.7010672116257948,8,1
100323,28,Male,Merchant,127395,SNNPR,Mexico,No,Yes,Yes,No,8,7008,778.67,6109,134,5,1,21-30,1,1,1,0,0,42722.5,584.0,0.8717180365296804,7,1
100324,27,Male,Engineer,128492,Sidama,Mexico,Yes,Yes,Yes,No,6,3120,445.71,759,155,2,0,21-30,1,0,0,0,0,40507.6,260.0,0.24326923076923077,4,0
100325,23,Female,Private Employee,84240,SNNPR,Piassa,No,Yes,Yes,Yes,9,5463,546.3,1668,248,2,1,21-30,1,1,1,0,1,28403.5,455.25,0.3053267435475014,5,1
100326,37,Male,Private Employee,76315,Dire Dawa,Hawassa,No,Yes,Yes,No,4,4388,877.6,3236,140,4,0,31-40,0,0,0,0,0,25888.5,365.67,0.7374658158614403,6,0
100327,53,Female,Government Employee,22756,Harari,Hawassa,No,Yes,No,No,9,8964,896.4,4732,318,3,0,51-60,0,1,1,0,0,11908.8,747.0,0.5278893351182508,4,0
100328,68,Male,Private Employee,48378,Sidama,CMC,No,Yes,Yes,Yes,5,5090,848.33,2558,176,4,0,61-70,0,0,1,0,1,17858.4,424.17,0.5025540275049116,7,0
100329,32,Female,Merchant,147327,Oromia,Bahir Dar,No,Yes,Yes,No,5,3825,637.5,1157,323,5,0,31-40,1,0,0,0,0,47110.6,318.75,0.302483660130719,7,0
100330,42,Male,Government Employee,157556,SNNPR,Bahir Dar,No,Yes,Yes,Yes,10,3980,361.82,2308,174,2,0,41-50,1,1,0,0,1,49656.799999999996,331.67,0.5798994974874372,5,1
100331,42,Male,Business Owner,137703,SNNPR,Adama,No,Yes,Yes,Yes,4,2164,432.8,638,74,2,0,41-50,1,0,0,0,1,42792.9,180.33,0.2948243992606285,5,0
100332,66,Female,Government Employee,68549,Tigray,Bole,No,Yes,No,No,10,4570,415.45,2547,351,2,0,61-70,0,1,0,0,0,23249.7,380.83,0.5573304157549234,3,0
100333,50,Female,Doctor,177575,Tigray,CMC,Yes,Yes,No,Yes,8,7272,808.0,5619,143,1,0,41-50,1,1,1,0,0,57108.5,606.0,0.7726897689768977,3,0
100334,58,Female,Government Employee,85794,Addis Ababa,CMC,No,Yes,No,No,8,6824,758.22,2686,292,5,0,51-60,1,1,1,0,0,30150.2,568.67,0.3936107854630715,6,1
100335,58,Male,Private Employee,57113,Sidama,Bole,Yes,Yes,Yes,Yes,9,8550,855.0,4793,112,2,0,51-60,0,1,1,0,1,21808.899999999998,712.5,0.5605847953216374,5,0
100336,65,Female,Government Employee,86069,Tigray,Hawassa,No,Yes,Yes,No,9,9846,984.6,9294,206,5,1,61-70,1,1,1,0,0,31743.7,820.5,0.9439366240097502,7,1
100337,28,Male,Business Owner,148321,Addis Ababa,Bahir Dar,Yes,Yes,Yes,Yes,6,3156,450.86,2256,131,2,0,21-30,1,0,0,0,1,46474.299999999996,263.0,0.714828897338403,5,0
100338,47,Female,Teacher,162273,Harari,Bahir Dar,No,Yes,No,Yes,7,5054,631.75,4199,110,3,0,41-50,1,0,1,0,0,51808.9,421.17,0.8308270676691729,5,0
100339,47,Male,Business Owner,137541,Harari,Hawassa,No,Yes,Yes,Yes,1,371,185.5,189,67,5,0,41-50,1,0,0,0,1,42447.799999999996,30.92,0.5094339622641509,8,0
100340,54,Female,Government Employee,21686,Tigray,Bahir Dar,No,Yes,No,No,4,2168,433.6,1682,86,4,0,51-60,0,0,0,0,0,8389.8,180.67,0.775830258302583,5,0
100341,41,Female,Engineer,65363,Sidama,Piassa,Yes,Yes,No,No,9,7461,746.1,1718,275,1,0,41-50,0,1,1,0,0,23539.399999999998,621.75,0.2302640396729661,2,0
100342,50,Female,Doctor,109543,SNNPR,CMC,No,Yes,Yes,No,13,11544,824.57,3372,227,4,1,41-50,1,1,1,0,0,39434.9,962.0,0.2920997920997921,6,1
100343,53,Male,Government Employee,143733,Amhara,Mexico,No,Yes,Yes,No,7,2408,301.0,848,325,5,0,51-60,1,0,0,0,0,45323.9,200.67,0.3521594684385382,7,0
100344,48,Male,Doctor,107673,Dire Dawa,Bole,No,Yes,Yes,No,12,9252,711.69,4639,10,2,1,41-50,1,1,1,1,0,37327.899999999994,771.0,0.5014051015996541,4,1
100345,67,Female,NGO Employee,54828,Sidama,Bahir Dar,Yes,Yes,No,No,3,2010,502.5,1676,355,5,0,61-70,0,0,0,0,0,18453.399999999998,167.5,0.8338308457711443,6,0
100346,53,Male,Government Employee,60604,Dire Dawa,Adama,No,Yes,Yes,No,6,6924,989.14,3182,288,1,0,51-60,0,0,1,0,0,21843.2,577.0,0.45956094742923165,3,0
100347,25,Female,Doctor,22526,Oromia,Bahir Dar,Yes,Yes,No,No,7,6657,832.12,4599,112,5,0,21-30,0,0,1,0,0,11086.3,554.75,0.6908517350157729,6,0
100348,68,Female,Engineer,80910,Harari,Bahir Dar,Yes,Yes,Yes,No,8,7904,878.22,5785,24,2,0,61-70,1,1,1,1,0,28625.0,658.67,0.7319078947368421,4,0
100349,39,Male,Business Owner,37592,Tigray,Megenagna,No,Yes,Yes,No,10,10330,939.09,6607,291,4,1,31-40,0,1,1,0,0,17242.6,860.83,0.639593417231365,6,0
100350,24,Female,Government Employee,40982,Tigray,Piassa,No,Yes,No,Yes,7,2737,342.12,1280,339,3,0,21-30,0,0,0,0,0,14263.1,228.08,0.46766532700036534,5,0
100351,55,Male,Government Employee,12207,Dire Dawa,Bole,No,No,Yes,No,7,2247,280.88,1421,326,4,0,51-60,0,0,0,0,0,5585.6,187.25,0.632398753894081,5,0
100352,69,Female,Teacher,100733,SNNPR,Megenagna,No,Yes,Yes,No,11,5181,431.75,2366,168,2,1,61-70,1,1,1,0,0,33210.399999999994,431.75,0.4566685967959853,4,1
100353,37,Female,Student,136982,Dire Dawa,Megenagna,No,Yes,Yes,Yes,8,7224,802.67,1899,109,2,1,31-40,1,1,1,0,1,45106.6,602.0,0.26287375415282394,5,1
100354,64,Male,Farmer,80619,Oromia,Adama,No,Yes,Yes,Yes,3,1473,368.25,1391,190,1,0,61-70,1,0,0,0,1,25122.2,122.75,0.9443312966734555,4,0
100355,48,Male,Business Owner,172400,SNNPR,CMC,No,Yes,No,Yes,3,1128,282.0,333,355,5,0,41-50,1,0,0,0,0,53284.0,94.0,0.29521276595744683,7,0
100356,50,Female,Farmer,58479,Oromia,Adama,No,Yes,Yes,No,8,4640,515.56,1179,196,5,1,41-50,0,1,0,0,0,20863.7,386.67,0.2540948275862069,7,0
100357,49,Male,Merchant,163175,Amhara,CMC,Yes,Yes,No,No,3,1989,497.25,1708,33,4,0,41-50,1,0,0,0,0,50747.0,165.75,0.8587229763700351,5,0
100358,66,Male,Business Owner,153826,Harari,CMC,No,Yes,No,Yes,4,1912,382.4,815,205,3,0,61-70,1,0,0,0,0,47703.799999999996,159.33,0.426255230125523,5,0
100359,26,Male,Government Employee,93437,Tigray,Bole,No,Yes,Yes,No,8,4296,477.33,2954,312,3,1,21-30,1,1,0,0,0,30779.1,358.0,0.6876163873370578,5,1
100360,55,Male,Teacher,110540,Tigray,Bahir Dar,Yes,Yes,Yes,No,8,3472,385.78,1551,182,1,0,51-60,1,1,0,0,0,35098.0,289.33,0.44671658986175117,3,0
100361,61,Male,Business Owner,84982,Amhara,Bole,No,Yes,Yes,Yes,8,9408,1045.33,4643,147,2,1,61-70,1,1,1,0,1,30598.6,784.0,0.493516156462585,5,1
100362,57,Male,Doctor,114747,Addis Ababa,Piassa,No,Yes,Yes,No,8,4632,514.67,1836,268,1,1,51-60,1,1,0,0,0,36940.1,386.0,0.3963730569948187,3,1
100363,44,Male,Private Employee,60231,Harari,CMC,No,Yes,No,No,1,318,159.0,145,11,5,0,41-50,0,0,0,1,0,19228.3,26.5,0.4559748427672956,6,0
100364,49,Female,Government Employee,41301,SNNPR,Megenagna,No,Yes,Yes,No,7,6258,782.25,3179,70,2,0,41-50,0,0,1,0,0,15919.3,521.5,0.5079897730904442,4,0
100365,69,Male,Government Employee,30752,Amhara,Bahir Dar,No,Yes,Yes,No,4,4156,831.2,3076,256,1,0,61-70,0,0,0,0,0,11503.6,346.33,0.7401347449470644,3,0
100366,66,Male,Business Owner,110452,SNNPR,Mexico,No,Yes,Yes,No,7,4690,586.25,2737,219,4,0,61-70,1,0,0,0,0,36280.6,390.83,0.5835820895522388,6,0
100367,51,Male,NGO Employee,156467,Dire Dawa,Piassa,No,Yes,Yes,No,5,5380,896.67,4883,297,5,0,51-60,1,0,1,0,0,50630.1,448.33,0.9076208178438662,7,0
100368,55,Male,Government Employee,133237,Sidama,Bole,No,Yes,Yes,Yes,11,4521,376.75,1046,362,3,1,51-60,1,1,0,0,1,42831.6,376.75,0.23136474231364743,6,1
100369,53,Male,Teacher,68273,Tigray,Adama,No,Yes,No,No,6,6372,910.29,3678,259,1,0,51-60,0,0,1,0,0,23867.899999999998,531.0,0.5772128060263654,2,0
100370,41,Female,Merchant,103878,SNNPR,Piassa,Yes,Yes,Yes,No,7,6825,853.12,4355,3,5,0,41-50,1,0,1,1,0,35575.899999999994,568.75,0.638095238095238,7,0
100371,52,Female,Teacher,16895,Oromia,Piassa,Yes,Yes,Yes,No,7,8183,1022.88,7284,84,5,0,51-60,0,0,1,0,0,10160.0,681.92,0.8901380911646095,7,0
100372,43,Male,Private Employee,131968,SNNPR,Bahir Dar,No,Yes,Yes,Yes,3,2937,734.25,695,156,3,0,41-50,1,0,0,0,1,41658.9,244.75,0.23663602315287707,6,0
100373,53,Female,Teacher,127700,Sidama,Piassa,No,Yes,Yes,No,9,4680,468.0,2948,151,3,1,51-60,1,1,0,0,0,41250.0,390.0,0.6299145299145299,5,1
100374,23,Female,Doctor,88559,Harari,Piassa,No,Yes,Yes,Yes,5,3015,502.5,2533,176,3,0,21-30,1,0,0,0,1,28675.2,251.25,0.8401326699834163,6,0
100375,38,Male,Private Employee,22699,Tigray,Mexico,No,Yes,Yes,No,7,7014,876.75,2675,195,1,0,31-40,0,0,1,0,0,10516.7,584.5,0.38138009694895925,3,0
100376,45,Female,Government Employee,21715,Dire Dawa,Hawassa,Yes,Yes,Yes,Yes,9,5616,561.6,4814,107,3,0,41-50,0,1,1,0,1,9922.5,468.0,0.8571937321937322,6,0
100377,62,Female,Teacher,31169,Amhara,Adama,Yes,Yes,Yes,Yes,9,6624,662.4,1419,134,4,0,61-70,0,1,1,0,1,13462.699999999999,552.0,0.21422101449275363,7,0
100378,51,Male,Student,130413,Dire Dawa,Adama,No,Yes,Yes,Yes,5,3685,614.17,2761,276,5,0,51-60,1,0,0,0,1,41966.4,307.08,0.7492537313432835,8,0
100379,23,Male,Government Employee,159235,Sidama,Adama,Yes,Yes,Yes,Yes,8,3752,416.89,3376,352,3,0,21-30,1,1,0,0,1,50246.5,312.67,0.8997867803837953,6,0
100380,60,Female,Engineer,131264,Tigray,CMC,Yes,Yes,No,No,8,5392,599.11,3736,155,5,0,51-60,1,1,1,0,0,43075.2,449.33,0.6928783382789317,6,0
100381,66,Female,NGO Employee,17782,SNNPR,Megenagna,Yes,No,No,No,9,7704,770.4,4077,277,2,0,61-70,0,1,1,0,0,9586.599999999999,642.0,0.5292056074766355,2,0
100382,44,Male,Teacher,136481,Harari,Hawassa,No,Yes,Yes,No,2,1360,453.33,317,236,2,0,41-50,1,0,0,0,0,42024.299999999996,113.33,0.23308823529411765,4,0
100383,52,Female,Student,47585,Addis Ababa,Adama,No,Yes,No,Yes,11,3443,286.92,3064,240,3,0,51-60,0,1,0,0,0,16597.0,286.92,0.8899215800174267,5,0
100384,67,Female,Engineer,42682,Harari,Piassa,Yes,Yes,No,Yes,7,7294,911.75,4031,13,5,0,61-70,0,0,1,1,0,17451.6,607.83,0.5526460104195229,7,0
100385,42,Female,Business Owner,141992,Addis Ababa,Piassa,No,Yes,Yes,No,6,5808,829.71,1287,342,2,0,41-50,1,0,1,0,0,45901.6,484.0,0.2215909090909091,4,0
100386,43,Female,Private Employee,96416,Oromia,Adama,No,Yes,Yes,No,9,7191,719.1,5158,35,3,1,41-50,1,1,1,0,0,33120.3,599.25,0.7172854957585871,5,1
100387,22,Female,Private Employee,139810,Harari,Bahir Dar,No,Yes,No,No,10,9450,859.09,5305,47,5,0,21-30,1,1,1,0,0,47668.0,787.5,0.5613756613756614,6,1
100388,47,Male,Engineer,50067,Tigray,Adama,Yes,Yes,Yes,No,5,3450,575.0,1011,214,3,0,41-50,0,0,0,0,0,17345.1,287.5,0.29304347826086957,5,0
100389,62,Male,Engineer,30073,Addis Ababa,Piassa,No,Yes,Yes,Yes,3,2544,636.0,917,146,5,0,61-70,0,0,0,0,1,11293.9,212.0,0.3604559748427673,8,0
100390,22,Female,Private Employee,48035,Amhara,CMC,No,Yes,No,No,8,6912,768.0,1716,159,2,0,21-30,0,1,1,0,0,18266.5,576.0,0.2482638888888889,3,0
100391,46,Female,Teacher,102373,Tigray,Bole,No,Yes,Yes,No,11,9119,759.92,5751,125,3,1,41-50,1,1,1,0,0,35871.399999999994,759.92,0.6306612567167452,5,1
100392,37,Male,Engineer,95362,Amhara,Bole,No,Yes,Yes,Yes,7,5537,692.12,3690,110,2,0,31-40,1,0,1,0,1,31777.1,461.42,0.6664258623803504,5,0
100393,60,Male,Merchant,102517,Harari,Hawassa,Yes,Yes,No,Yes,7,5943,742.88,3442,37,3,0,51-60,1,0,1,0,0,34326.6,495.25,0.5791687699814908,5,0
100394,53,Female,Business Owner,77450,Amhara,Hawassa,No,Yes,Yes,No,8,7984,887.11,6489,277,1,1,51-60,0,1,1,0,0,27427.0,665.33,0.812750501002004,3,0
100395,29,Male,Merchant,22382,Addis Ababa,Adama,No,Yes,Yes,Yes,7,4788,598.5,4049,14,2,0,21-30,0,0,0,1,1,9508.599999999999,399.0,0.845655806182122,5,0
100396,63,Female,Government Employee,147509,Tigray,Mexico,Yes,Yes,Yes,Yes,2,990,330.0,655,347,2,0,61-70,1,0,0,0,1,45147.7,82.5,0.6616161616161617,5,0
100397,68,Female,Private Employee,73929,SNNPR,Adama,No,Yes,Yes,No,10,10540,958.18,2208,232,4,1,61-70,0,1,1,0,0,28248.7,878.33,0.20948766603415558,6,0
100398,59,Female,Government Employee,110864,Sidama,Bahir Dar,Yes,Yes,No,Yes,6,3594,513.43,2592,316,2,0,51-60,1,0,0,0,0,35456.2,299.5,0.7212020033388982,4,0
100399,49,Male,Government Employee,155401,Addis Ababa,Adama,No,Yes,Yes,Yes,6,6684,954.86,3432,124,5,0,41-50,1,0,1,0,1,50962.299999999996,557.0,0.5134649910233393,8,0
100400,62,Male,Business Owner,37169,Addis Ababa,Hawassa,No,Yes,Yes,No,6,5076,725.14,3168,279,3,0,61-70,0,0,1,0,0,14288.699999999999,423.0,0.624113475177305,5,0
100401,46,Male,Merchant,99468,SNNPR,Bole,No,Yes,Yes,No,7,7182,897.75,4932,111,1,0,41-50,1,0,1,0,0,33631.399999999994,598.5,0.6867167919799498,3,0
100402,55,Male,Government Employee,46594,Tigray,Piassa,No,Yes,Yes,No,7,7210,901.25,3335,124,5,0,51-60,0,0,1,0,0,18583.199999999997,600.83,0.46255201109570043,7,0
100403,45,Male,Doctor,57033,Tigray,Adama,No,Yes,Yes,No,6,6762,966.0,6003,30,5,0,41-50,0,0,1,1,0,21490.899999999998,563.5,0.8877551020408163,7,0
100404,44,Male,Private Employee,75133,Dire Dawa,Piassa,No,Yes,No,No,7,6307,788.38,1895,115,5,0,41-50,0,0,1,0,0,26693.399999999998,525.58,0.30045980656413507,6,0
100405,33,Male,NGO Employee,85861,Harari,Piassa,No,Yes,Yes,No,4,2428,485.6,1708,90,5,0,31-40,1,0,0,0,0,27972.3,202.33,0.7034596375617792,7,0
100406,27,Male,Student,43750,Amhara,Mexico,No,Yes,Yes,Yes,6,3306,472.29,672,212,1,0,21-30,0,0,0,0,1,14978.0,275.5,0.20326678765880218,4,0
100407,56,Male,Private Employee,52461,Harari,Piassa,No,Yes,Yes,No,7,2149,268.62,1920,38,4,0,51-60,0,0,0,0,0,17612.8,179.08,0.893438808748255,6,0
100408,65,Male,Business Owner,90222,SNNPR,Bole,Yes,Yes,No,No,5,5335,889.17,1517,83,2,0,61-70,1,0,1,0,0,30134.1,444.58,0.284348641049672,3,0
100409,40,Male,Government Employee,124020,Harari,CMC,No,Yes,No,Yes,7,8218,1027.25,2228,27,5,0,31-40,1,0,1,1,0,42315.0,684.83,0.27111219274762716,7,0
100410,21,Female,Merchant,36226,SNNPR,CMC,No,Yes,No,Yes,6,3042,434.57,1368,217,2,0,21-30,0,0,0,0,0,12788.8,253.5,0.44970414201183434,4,0
100411,28,Female,Merchant,18721,Tigray,Megenagna,Yes,Yes,No,No,9,3870,387.0,1858,360,2,0,21-30,0,1,0,0,0,7951.3,322.5,0.48010335917312663,3,0
100412,66,Male,Private Employee,32609,Amhara,Bahir Dar,No,Yes,No,Yes,7,7245,905.62,2613,215,5,0,61-70,0,0,1,0,0,14405.199999999999,603.75,0.3606625258799172,7,0
100413,36,Female,Merchant,142513,Harari,Adama,No,Yes,Yes,Yes,13,13104,936.0,8371,221,4,1,31-40,1,1,1,0,1,50105.9,1092.0,0.6388125763125763,7,1
100414,34,Male,Private Employee,116211,Addis Ababa,Bahir Dar,Yes,Yes,Yes,No,4,3812,762.4,2028,15,2,0,31-40,1,0,0,1,0,37169.299999999996,317.67,0.5320041972717734,4,0
100415,32,Female,Government Employee,148728,Oromia,Bole,No,Yes,Yes,No,3,3189,797.25,719,259,3,0,31-40,1,0,0,0,0,46812.9,265.75,0.22546252743806836,5,0
100416,43,Male,Farmer,136865,Dire Dawa,Piassa,No,Yes,No,Yes,3,2721,680.25,1196,266,2,0,41-50,1,0,0,0,0,42820.0,226.75,0.43954428518926864,4,0
100417,35,Female,Private Employee,86520,Sidama,CMC,No,Yes,No,Yes,11,3575,297.92,2887,120,5,0,31-40,1,1,0,0,0,28743.5,297.92,0.8075524475524476,7,1
100418,48,Female,Merchant,76309,Addis Ababa,Bahir Dar,Yes,Yes,Yes,Yes,11,10142,845.17,7274,128,1,0,41-50,0,1,1,0,1,28163.7,845.17,0.7172155393413527,4,0
100419,54,Female,Business Owner,41984,Tigray,Bole,Yes,Yes,No,No,9,6777,677.7,5039,211,2,0,51-60,0,1,1,0,0,16383.699999999999,564.75,0.7435443411539029,3,0
100420,22,Female,Student,130947,Sidama,CMC,No,Yes,Yes,No,13,12142,867.29,8785,11,4,1,21-30,1,1,1,1,0,46155.1,1011.83,0.7235216603524954,6,1
100421,52,Male,Government Employee,17901,Oromia,Piassa,No,Yes,Yes,Yes,5,2425,404.17,1050,176,3,0,51-60,0,0,0,0,1,7182.8,202.08,0.4329896907216495,6,0
100422,43,Male,Business Owner,174624,Oromia,Bahir Dar,No,Yes,Yes,No,12,9396,722.77,2581,133,3,1,41-50,1,1,1,0,0,57685.2,783.0,0.27469135802469136,5,1
100423,42,Female,Farmer,43055,Amhara,CMC,No,Yes,Yes,Yes,10,9790,890.0,3958,325,1,1,41-50,0,1,1,0,1,18011.5,815.83,0.4042900919305414,4,0
100424,45,Male,Business Owner,157788,Sidama,Adama,Yes,Yes,Yes,No,8,2800,311.11,2306,320,1,0,41-50,1,1,0,0,0,48936.4,233.33,0.8235714285714286,3,0
100425,42,Female,Student,126099,Amhara,Hawassa,No,Yes,Yes,No,10,11900,1081.82,11130,14,2,1,41-50,1,1,1,1,0,44179.7,991.67,0.9352941176470588,4,1
100426,42,Male,Engineer,23138,Addis Ababa,Adama,Yes,Yes,Yes,No,10,3040,276.36,1733,50,5,0,41-50,0,1,0,0,0,9461.4,253.33,0.5700657894736842,7,0
100427,69,Male,Farmer,178370,SNNPR,Megenagna,No,Yes,Yes,No,10,8880,807.27,1840,72,4,1,61-70,1,1,1,0,0,58751.0,740.0,0.2072072072072072,6,1
100428,62,Male,Engineer,35429,SNNPR,Megenagna,No,Yes,No,Yes,11,5049,420.75,1540,69,3,0,61-70,0,1,1,0,0,13753.199999999999,420.75,0.30501089324618735,5,0
100429,26,Male,Student,62200,SNNPR,CMC,No,Yes,No,No,6,3042,434.57,1343,16,1,0,21-30,0,0,0,1,0,20381.0,253.5,0.44148586456278766,2,0
100430,35,Female,NGO Employee,113268,Sidama,Hawassa,No,Yes,No,No,6,3336,476.57,2114,334,4,0,31-40,1,0,0,0,0,36448.4,278.0,0.6336930455635491,5,0
100431,63,Male,Engineer,29347,SNNPR,Bole,Yes,Yes,Yes,Yes,7,3528,441.0,904,357,5,0,61-70,0,0,0,0,1,11568.1,294.0,0.2562358276643991,8,0
100432,57,Male,Engineer,159992,Addis Ababa,Adama,No,Yes,Yes,No,6,6396,913.71,5804,56,3,0,51-60,1,0,1,0,0,51795.6,533.0,0.9074421513445904,5,0
100433,53,Male,Government Employee,43822,Amhara,Bole,No,Yes,Yes,Yes,6,1860,265.71,881,105,3,0,51-60,0,0,0,0,1,14676.6,155.0,0.4736559139784946,6,0
100434,28,Male,Government Employee,52108,Sidama,Hawassa,No,Yes,Yes,No,7,2149,268.62,1900,132,5,0,21-30,0,0,0,0,0,17706.9,179.08,0.8841321544904607,7,0
100435,64,Female,Merchant,140955,Amhara,Bole,Yes,Yes,Yes,Yes,7,4956,619.5,3892,48,3,0,61-70,1,0,0,0,1,45364.5,413.0,0.7853107344632768,6,0
100436,64,Male,Government Employee,19967,Sidama,Hawassa,No,Yes,Yes,No,11,3641,303.42,2791,248,5,0,61-70,0,1,0,0,0,8810.599999999999,303.42,0.7665476517440264,7,0
100437,25,Male,Business Owner,122719,Amhara,CMC,No,Yes,Yes,Yes,7,5873,734.12,3847,273,3,0,21-30,1,0,1,0,1,40352.2,489.42,0.6550315000851353,6,0
100438,59,Male,Private Employee,23871,Oromia,Bole,Yes,Yes,Yes,No,8,8136,904.0,5451,111,2,0,51-60,0,1,1,0,0,11629.3,678.0,0.6699852507374632,4,0
100439,24,Female,Private Employee,176685,Amhara,Adama,No,Yes,Yes,No,5,3430,571.67,2327,326,5,0,21-30,1,0,0,0,0,55720.5,285.83,0.6784256559766764,7,0
100440,26,Male,Doctor,40179,SNNPR,Piassa,No,Yes,Yes,No,4,2108,421.6,1415,336,4,0,21-30,0,0,0,0,0,13907.699999999999,175.67,0.6712523719165086,6,0
100441,65,Female,NGO Employee,67099,Oromia,Megenagna,No,Yes,Yes,Yes,2,1878,626.0,1155,349,2,0,61-70,0,0,0,0,1,21468.7,156.5,0.6150159744408946,5,0
100442,52,Female,Government Employee,47262,Amhara,Piassa,Yes,Yes,Yes,No,5,5330,888.33,5009,38,4,0,51-60,0,0,1,0,0,17643.6,444.17,0.9397748592870544,6,0
100443,50,Male,Merchant,90213,Sidama,Bole,Yes,Yes,Yes,No,5,3870,645.0,2899,357,3,0,41-50,1,0,0,0,0,29598.899999999998,322.5,0.7490956072351421,5,0
100444,67,Male,Teacher,129407,Sidama,Piassa,Yes,Yes,Yes,Yes,6,6138,876.86,4804,240,4,0,61-70,1,0,1,0,1,42691.1,511.5,0.7826653633105246,7,0
100445,55,Male,Government Employee,161340,Dire Dawa,Adama,No,Yes,Yes,Yes,10,10500,954.55,8970,318,2,1,51-60,1,1,1,0,1,54052.0,875.0,0.8542857142857143,5,1
100446,60,Male,Teacher,98269,Sidama,Adama,No,Yes,Yes,No,6,3036,433.71,1098,121,5,0,51-60,1,0,0,0,0,31998.7,253.0,0.3616600790513834,7,0
100447,36,Female,Private Employee,72545,Tigray,Bole,Yes,Yes,Yes,No,3,1851,462.75,486,48,1,0,31-40,0,0,0,0,0,22889.0,154.25,0.2625607779578606,3,0
100448,33,Female,Private Employee,51922,Addis Ababa,CMC,No,Yes,Yes,Yes,8,8752,972.44,4920,10,4,1,31-40,0,1,1,1,1,20752.6,729.33,0.5621572212065814,7,0
100449,62,Male,Student,54913,Sidama,Piassa,No,Yes,Yes,Yes,12,12672,974.77,7420,233,1,1,61-70,0,1,1,0,1,23009.899999999998,1056.0,0.5855429292929293,4,0
100450,50,Male,Private Employee,109033,Oromia,CMC,Yes,Yes,Yes,Yes,11,9416,784.67,7738,36,4,0,41-50,1,1,1,0,1,38217.899999999994,784.67,0.8217926932880204,7,0
100451,39,Male,Farmer,116792,Dire Dawa,CMC,No,Yes,No,No,10,9160,832.73,4880,4,4,0,31-40,1,1,1,1,0,40417.6,763.33,0.5327510917030568,5,1
100452,37,Female,Teacher,131863,Sidama,Hawassa,No,Yes,Yes,No,8,5176,575.11,3251,44,5,1,31-40,1,1,1,0,0,43146.9,431.33,0.6280911901081917,7,1
100453,39,Male,Government Employee,168104,Tigray,Mexico,No,Yes,Yes,No,9,9828,982.8,5850,56,3,1,31-40,1,1,1,0,0,55945.2,819.0,0.5952380952380952,5,1
100454,48,Male,Farmer,56936,SNNPR,Bole,No,Yes,Yes,No,11,5863,488.58,1340,42,2,1,41-50,0,1,1,0,0,20412.3,488.58,0.22855193586900904,4,0
100455,46,Female,Student,172866,Oromia,Megenagna,Yes,Yes,Yes,No,5,5000,833.33,3307,255,2,0,41-50,1,0,1,0,0,54759.799999999996,416.67,0.6614,4,0
100456,57,Female,Government Employee,40141,Tigray,Adama,No,Yes,Yes,Yes,9,3087,308.7,2534,228,2,0,51-60,0,1,0,0,1,13985.8,257.25,0.8208616780045351,5,0
100457,46,Male,Teacher,152146,SNNPR,Adama,No,Yes,Yes,Yes,6,6216,888.0,1977,114,3,0,41-50,1,0,1,0,1,49351.799999999996,518.0,0.31805019305019305,6,0
100458,43,Female,Merchant,149478,Harari,Bole,No,Yes,No,Yes,9,3969,396.9,2562,237,1,0,41-50,1,1,0,0,0,47027.9,330.75,0.6455026455026455,3,1
100459,29,Female,Merchant,109359,Harari,Hawassa,No,Yes,Yes,No,4,3788,757.6,2444,174,2,0,21-30,1,0,0,0,0,35101.7,315.67,0.6451953537486801,4,0
100460,32,Male,Merchant,135279,Oromia,Bahir Dar,No,Yes,Yes,No,10,4750,431.82,1534,255,1,1,31-40,1,1,0,0,0,43158.7,395.83,0.32294736842105265,3,1
100461,21,Male,Private Employee,166363,Amhara,Bahir Dar,No,Yes,Yes,Yes,6,5718,816.86,1673,277,3,0,21-30,1,0,1,0,1,53367.9,476.5,0.2925848198670864,6,0
100462,21,Male,NGO Employee,53568,Addis Ababa,Bahir Dar,No,Yes,No,Yes,9,6732,673.2,6294,335,3,0,21-30,0,1,1,0,0,20036.4,561.0,0.9349376114081996,5,0
100463,67,Male,NGO Employee,109539,Dire Dawa,Hawassa,No,Yes,Yes,No,11,9801,816.75,4854,69,5,1,61-70,1,1,1,0,0,38762.2,816.75,0.4952555861646771,7,1
100464,54,Female,Farmer,58851,Addis Ababa,Megenagna,No,Yes,No,No,8,3048,338.67,1129,326,2,0,51-60,0,1,0,0,0,19579.3,254.0,0.3704068241469816,3,0
100465,52,Female,Doctor,66823,Tigray,Adama,No,Yes,Yes,Yes,8,3472,385.78,1140,230,5,0,51-60,0,1,0,0,1,22782.899999999998,289.33,0.3283410138248848,8,0
100466,68,Male,Merchant,35312,SNNPR,Bole,Yes,Yes,No,No,5,5090,848.33,3566,67,2,0,61-70,0,0,1,0,0,13538.6,424.17,0.7005893909626719,3,0
100467,45,Male,Business Owner,177243,Addis Ababa,Hawassa,Yes,Yes,No,No,4,4620,924.0,3035,304,3,0,41-50,1,0,0,0,0,56082.9,385.0,0.6569264069264069,4,0
100468,60,Male,Farmer,110723,SNNPR,Adama,Yes,Yes,Yes,Yes,5,2380,396.67,1624,36,3,0,51-60,1,0,0,0,1,35006.9,198.33,0.6823529411764706,6,0
100469,65,Male,Merchant,24411,SNNPR,CMC,No,Yes,Yes,No,10,6820,620.0,1814,159,4,1,61-70,0,1,1,0,0,11533.3,568.33,0.2659824046920821,6,0
100470,21,Female,Merchant,69009,Tigray,Piassa,No,Yes,Yes,Yes,10,5420,492.73,4716,149,4,1,21-30,0,1,1,0,1,24212.7,451.67,0.870110701107011,7,0
100471,36,Male,Doctor,158494,Tigray,Piassa,No,Yes,Yes,No,7,6062,757.75,2982,27,3,0,31-40,1,0,1,1,0,51179.2,505.17,0.49191685912240185,5,0
100472,59,Male,Business Owner,44371,Tigray,Hawassa,No,Yes,Yes,No,2,880,293.33,382,72,3,0,51-60,0,0,0,0,0,14351.3,73.33,0.4340909090909091,5,0
100473,25,Male,Government Employee,69022,Addis Ababa,Adama,No,Yes,Yes,No,4,3024,604.8,1653,248,1,0,21-30,0,0,0,0,0,22418.6,252.0,0.5466269841269841,3,0
100474,42,Female,Government Employee,83229,Harari,Mexico,Yes,Yes,Yes,No,9,6651,665.1,3275,101,1,0,41-50,1,1,1,0,0,28494.2,554.25,0.49240715681852354,3,0
100475,49,Male,Business Owner,111071,Tigray,Megenagna,No,Yes,Yes,Yes,9,3195,319.5,2708,190,5,0,41-50,1,1,0,0,1,35918.799999999996,266.25,0.8475743348982786,8,1
100476,23,Female,Engineer,108774,Dire Dawa,Bahir Dar,No,Yes,No,No,7,5782,722.75,5186,96,4,0,21-30,1,0,1,0,0,36323.2,481.83,0.8969214804565894,5,0
100477,32,Male,Merchant,38715,Addis Ababa,Megenagna,No,Yes,Yes,No,6,5976,853.71,2555,282,4,0,31-40,0,0,1,0,0,15402.5,498.0,0.42754350736278446,6,0
100478,46,Female,Farmer,39605,Tigray,Megenagna,Yes,Yes,Yes,No,7,7875,984.38,6677,322,3,0,41-50,0,0,1,0,0,16419.0,656.25,0.8478730158730159,5,0
100479,36,Female,Business Owner,111853,Sidama,Hawassa,No,Yes,Yes,No,5,3590,598.33,2822,278,3,0,31-40,1,0,0,0,0,35950.9,299.17,0.7860724233983287,5,0
100480,57,Male,Merchant,43174,SNNPR,CMC,No,Yes,No,No,10,3870,351.82,3475,17,5,0,51-60,0,1,0,1,0,15887.199999999999,322.5,0.8979328165374677,6,0
100481,42,Male,Private Employee,153028,Dire Dawa,Megenagna,No,Yes,Yes,No,6,5448,778.29,2093,263,4,0,41-50,1,0,1,0,0,49432.4,454.0,0.3841776798825257,6,0
100482,49,Female,Business Owner,88373,Tigray,Piassa,No,No,Yes,Yes,10,9550,868.18,6042,107,1,1,41-50,1,1,1,0,1,31486.899999999998,795.83,0.6326701570680628,3,1
100483,34,Female,Engineer,81252,Oromia,CMC,No,Yes,Yes,No,6,1842,263.14,747,68,2,0,31-40,1,0,0,0,0,25696.6,153.5,0.40553745928338764,4,0
100484,48,Male,Teacher,82017,SNNPR,Bole,Yes,Yes,Yes,No,3,2328,582.0,1904,128,5,0,41-50,1,0,0,0,0,26769.1,194.0,0.8178694158075601,7,0
100485,25,Male,Business Owner,75037,SNNPR,Megenagna,No,Yes,Yes,No,5,2570,428.33,524,293,2,0,21-30,0,0,0,0,0,24196.1,214.17,0.20389105058365758,4,0
100486,67,Female,Government Employee,101818,Tigray,Megenagna,No,Yes,No,No,12,11808,908.31,7363,294,1,0,61-70,1,1,1,0,0,36649.399999999994,984.0,0.6235602981029811,2,1
100487,69,Male,Government Employee,18548,Harari,Bole,No,Yes,No,Yes,7,7238,904.75,3288,96,1,0,61-70,0,0,1,0,0,9383.4,603.17,0.45426913512019895,3,0
100488,50,Male,Government Employee,128981,Amhara,Megenagna,No,Yes,Yes,Yes,8,6808,756.44,3009,1,2,1,41-50,1,1,1,1,1,42498.299999999996,567.33,0.44198002350176263,5,1
100489,66,Female,Farmer,166249,Harari,Bole,No,Yes,No,No,9,7164,716.4,4897,298,5,0,61-70,1,1,1,0,0,54456.7,597.0,0.6835566722501396,6,1
100490,25,Male,Private Employee,36022,Tigray,CMC,Yes,Yes,Yes,No,10,9930,902.73,8327,180,2,0,21-30,0,1,1,0,0,16171.6,827.5,0.8385699899295066,4,0
100491,32,Male,Merchant,118297,SNNPR,Piassa,No,Yes,Yes,Yes,4,3208,641.6,2107,181,5,0,31-40,1,0,0,0,1,38093.1,267.33,0.6567955112219451,8,0
100492,36,Male,Business Owner,148614,Dire Dawa,Bole,No,Yes,No,No,9,9729,972.9,8171,235,5,0,31-40,1,1,1,0,0,50448.7,810.75,0.8398602117381025,6,1
100493,46,Male,Government Employee,72428,Oromia,Mexico,No,Yes,Yes,Yes,6,5988,855.43,2385,319,3,0,41-50,0,0,1,0,1,25322.399999999998,499.0,0.3982965931863727,6,0
100494,46,Male,Business Owner,165812,Dire Dawa,Hawassa,Yes,Yes,No,No,7,3808,476.0,2245,337,4,0,41-50,1,0,0,0,0,52447.6,317.33,0.5895483193277311,5,0
100495,68,Female,Private Employee,71353,Dire Dawa,Hawassa,No,Yes,Yes,No,10,7770,706.36,4179,8,4,1,61-70,0,1,1,1,0,26090.899999999998,647.5,0.5378378378378378,6,0
100496,41,Male,Business Owner,125132,SNNPR,Bole,No,Yes,Yes,Yes,5,3040,506.67,634,27,1,0,41-50,1,0,0,1,1,39259.6,253.33,0.20855263157894738,4,0
100497,59,Male,Private Employee,28052,Harari,Hawassa,No,Yes,Yes,Yes,6,3180,454.29,1963,308,3,0,51-60,0,0,0,0,1,10605.6,265.0,0.6172955974842768,6,0
100498,56,Male,Teacher,112689,Oromia,Megenagna,No,Yes,Yes,Yes,3,2046,511.5,1424,146,4,0,51-60,1,0,0,0,1,35629.7,170.5,0.6959921798631477,7,0
100499,53,Male,Government Employee,143743,Addis Ababa,Bahir Dar,No,No,Yes,No,6,2724,389.14,1754,91,5,0,51-60,1,0,0,0,0,45484.9,227.0,0.643906020558003,6,0
100500,50,Female,Student,12163,Sidama,Bahir Dar,No,Yes,No,Yes,3,1422,355.5,1069,342,5,0,41-50,0,0,0,0,0,5359.9,118.5,0.7517580872011251,7,0
