CustomerID,Age,Gender,Occupation,MonthlyIncome,Region,Branch,FCYAccount,ETBAccount,MobileBanking,InternetBanking,RemittanceCount,TotalRemittanceUSD,AverageTransactionUSD,FCYPurchaseUSD,LastTransactionDays,ExistingProducts,LeadStatus,AgeGroup,HighIncome,FrequentRemittance,HighRemittance,ActiveCustomer,DigitalCustomer,CustomerValueScore,MonthlyRemittanceAverage,FCYUtilizationRate,RelationshipScore,PotentialFCYCustomer,Probability
100325,23,0,7,84240,5,7,0,1,1,1,9,5463,546.3,1668,248,2,1,0,1,1,1,0,1,28403.5,455.25,0.3053267435475014,5,1,0.99238974
100353,37,0,8,136982,2,5,0,1,1,1,8,7224,802.67,1899,109,2,1,1,1,1,1,0,1,45106.6,602.0,0.2628737541528239,5,1,0.9922388
100190,26,0,5,89576,3,6,0,1,1,1,8,3816,424.0,1345,298,2,0,0,1,1,0,0,1,29180.8,318.0,0.3524633123689727,5,1,0.9922388
100150,52,1,4,115409,6,0,0,1,1,1,8,8176,908.44,2234,152,5,1,3,1,1,1,0,1,39710.7,681.33,0.273238747553816,8,1,0.99214077
100368,55,1,4,133237,6,2,0,1,1,1,11,4521,376.75,1046,362,3,1,3,1,1,0,0,1,42831.6,376.75,0.2313647423136474,6,1,0.99214077
100082,60,0,0,161381,2,2,0,1,1,1,11,8195,682.92,2227,263,2,1,3,1,1,1,0,1,52911.8,682.92,0.2717510677242221,5,1,0.9920259
100209,23,0,0,90714,2,1,0,1,1,1,10,9260,841.82,2849,62,1,1,0,1,1,1,0,1,32044.2,771.67,0.3076673866090713,4,1,0.9920259
100300,60,1,5,175189,0,2,0,1,1,1,8,3648,405.33,1077,193,1,0,3,1,1,0,0,1,54580.7,304.0,0.2952302631578947,4,1,0.99198496
100108,55,1,3,149710,2,4,0,1,1,1,8,8680,964.44,2190,265,4,1,3,1,1,1,0,1,50053.0,723.33,0.2523041474654378,7,1,0.9917653
100027,42,1,2,138503,4,4,0,1,1,1,10,3330,302.73,1130,78,2,0,2,1,1,0,0,1,43615.9,277.5,0.3393393393393393,5,1,0.9917653
100174,48,0,5,101152,5,4,0,1,1,1,9,6813,681.3,3534,277,1,1,2,1,1,1,0,1,33952.1,567.75,0.5187142228093351,4,1,0.99142575
100235,25,0,4,98365,5,5,0,1,1,1,9,5211,521.1,2304,97,1,1,0,1,1,1,0,1,32315.0,434.25,0.4421416234887737,4,1,0.99142575
100141,34,0,7,113376,4,4,0,1,1,1,13,8229,587.79,5597,141,4,1,1,1,1,1,0,1,38927.3,685.75,0.6801555474541257,7,1,0.9912559
100128,60,0,8,136398,0,0,0,1,1,1,9,8271,827.1,5021,358,2,1,3,1,1,1,0,1,45454.9,689.25,0.6070608148954177,5,1,0.9912559
100090,45,0,4,144130,4,5,0,0,1,1,12,13092,1007.08,8447,265,1,1,2,1,1,1,0,1,49985.0,1091.0,0.6452031775129851,3,1,0.9912559
100068,49,0,4,91530,2,1,0,1,1,1,8,8144,904.89,3607,138,3,1,2,1,1,1,0,1,32131.0,678.67,0.4429027504911591,6,1,0.9912559
100413,36,0,5,142513,3,0,0,1,1,1,13,13104,936.0,8371,221,4,1,1,1,1,1,0,1,50105.9,1092.0,0.6388125763125763,7,1,0.9912559
100482,49,0,0,88373,7,7,0,0,1,1,10,9550,868.18,6042,107,1,1,2,1,1,1,0,1,31486.9,795.83,0.6326701570680628,3,1,0.99119085
100080,34,0,0,128891,6,0,0,1,1,1,11,3938,328.17,1891,166,5,0,1,1,1,0,0,1,41636.3,328.17,0.4801929913661757,8,1,0.99119085
100330,42,1,4,157556,5,1,0,1,1,1,10,3980,361.82,2308,174,2,0,2,1,1,0,0,1,49656.8,331.67,0.5798994974874372,5,1,0.9911457
100322,40,1,4,137926,6,4,0,1,1,1,12,8808,677.54,6175,126,5,1,1,1,1,1,0,1,46781.8,734.0,0.7010672116257948,8,1,0.9911457
100295,31,1,9,124418,5,2,0,1,1,1,13,5551,396.5,3288,3,4,1,1,1,1,1,1,1,40900.9,462.58,0.5923257070798055,7,1,0.9911457
100231,31,1,6,126793,3,2,0,1,1,1,8,8952,994.67,4953,188,4,1,1,1,1,1,0,1,43313.9,746.0,0.55328418230563,7,1,0.99097025
100488,50,1,4,128981,1,5,0,1,1,1,8,6808,756.44,3009,1,2,1,2,1,1,1,1,1,42498.3,567.33,0.4419800235017626,5,1,0.99097025
100230,24,1,7,133999,1,4,0,1,1,1,8,5168,574.22,3318,133,3,1,0,1,1,1,0,1,43383.7,430.67,0.6420278637770898,6,1,0.99097025
100269,50,1,3,117111,2,0,0,1,1,1,10,9840,894.55,4854,261,4,1,2,1,1,1,0,1,40853.3,820.0,0.4932926829268292,7,1,0.99072295
100361,61,1,0,84982,1,2,0,1,1,1,8,9408,1045.33,4643,147,2,1,4,1,1,1,0,1,30598.6,784.0,0.493516156462585,5,1,0.99072295
100228,26,1,2,156539,3,0,0,1,1,1,8,6328,703.11,4140,17,1,1,0,1,1,1,1,1,50325.7,527.33,0.6542351453855879,4,1,0.99072295
100052,48,0,4,156832,1,2,0,1,1,1,11,9295,774.58,7758,20,5,1,2,1,1,1,1,1,52697.1,774.58,0.8346422807961269,8,1,0.9904295
100100,44,0,0,144311,7,4,0,1,1,1,10,11980,1089.09,10481,321,1,1,2,1,1,1,0,1,49483.3,998.33,0.8748747913188648,4,1,0.9901676
100445,55,1,4,161340,2,0,0,1,1,1,10,10500,954.55,8970,318,2,1,3,1,1,1,0,1,54052.0,875.0,0.8542857142857143,5,1,0.99011713
100126,55,1,6,117823,4,0,0,1,1,1,8,7608,845.33,6698,245,5,1,3,1,1,1,0,1,40150.9,634.0,0.8803890641430073,8,1,0.99011713
100203,61,1,9,170670,5,7,0,1,1,1,8,7688,854.22,6998,268,4,1,4,1,1,1,0,1,55845.0,640.67,0.9102497398543185,7,1,0.99011713
100475,49,1,0,111071,7,5,0,1,1,1,9,3195,319.5,2708,190,5,0,2,1,1,0,0,1,35918.8,266.25,0.8475743348982786,8,1,0.9898469
100069,38,0,9,166571,7,2,0,1,1,0,9,10395,1039.5,3141,51,2,1,1,1,1,1,0,0,55568.8,866.25,0.3021645021645022,4,1,0.9896067
100342,50,0,1,109543,5,3,0,1,1,0,13,11544,824.57,3372,227,4,1,2,1,1,1,0,0,39434.9,962.0,0.2920997920997921,6,1,0.9893226
100106,37,0,2,132030,5,4,0,1,1,0,8,6456,717.33,2591,194,1,1,1,1,1,1,0,0,43037.0,538.0,0.4013320941759603,3,1,0.9893226
100151,59,0,4,160159,2,7,0,1,1,0,8,3864,429.33,816,290,4,0,3,1,1,0,0,0,50779.7,322.0,0.2111801242236025,6,1,0.9890838
100180,48,0,4,174396,2,5,0,1,1,0,11,4048,337.33,1086,188,5,1,2,1,1,0,0,0,55342.8,337.33,0.2682806324110672,7,1,0.9890838
100460,32,1,5,135279,4,1,0,1,1,0,10,4750,431.82,1534,255,1,1,1,1,1,0,0,0,43158.7,395.83,0.3229473684210526,3,1,0.98905563
100265,48,1,0,131503,7,2,0,1,1,0,8,2848,316.44,1108,331,5,0,2,1,1,0,0,0,41874.9,237.33,0.3890449438202247,7,1,0.9889746
100427,69,1,3,178370,5,5,0,1,1,0,10,8880,807.27,1840,72,4,1,4,1,1,1,0,0,58751.0,740.0,0.2072072072072072,6,1,0.9889746
100182,59,1,1,151999,5,1,0,1,1,0,11,11704,975.33,4216,251,5,1,3,1,1,1,0,0,52451.7,975.33,0.3602187286397812,7,1,0.9889746
100124,44,1,2,135008,4,1,0,1,1,0,9,7830,783.0,1622,143,4,1,2,1,1,1,0,0,45217.4,652.5,0.2071519795657726,6,1,0.9887566
100422,43,1,0,174624,4,1,0,1,1,0,12,9396,722.77,2581,133,3,1,2,1,1,1,0,0,57685.2,783.0,0.2746913580246913,5,1,0.9887566
100362,57,1,1,114747,0,7,0,1,1,0,8,4632,514.67,1836,268,1,1,3,1,1,0,0,0,36940.1,386.0,0.3963730569948187,3,1,0.98842025
100452,37,0,9,131863,6,4,0,1,1,0,8,5176,575.11,3251,44,5,1,1,1,1,1,0,0,43146.9,431.33,0.6280911901081917,7,1,0.9882945
100218,43,0,7,151978,6,3,0,1,1,0,9,4005,400.5,2559,167,5,1,2,1,1,0,0,0,48595.9,333.75,0.6389513108614232,7,1,0.9882945
100373,53,0,9,127700,6,7,0,1,1,0,9,4680,468.0,2948,151,3,1,3,1,1,0,0,0,41250.0,390.0,0.6299145299145299,5,1,0.9882945
100352,69,0,9,100733,5,5,0,1,1,0,11,5181,431.75,2366,168,2,1,4,1,1,1,0,0,33210.399999999994,431.75,0.4566685967959853,4,1,0.9882945
100391,46,0,9,102373,7,2,0,1,1,0,11,9119,759.92,5751,125,3,1,2,1,1,1,0,0,35871.399999999994,759.92,0.6306612567167452,5,1,0.9882945
100246,49,1,4,131891,6,1,0,1,1,0,8,9336,1037.33,4854,250,4,1,2,1,1,1,0,0,45035.3,778.0,0.5199228791773779,6,1,0.9879133
100359,26,1,4,93437,7,2,0,1,1,0,8,4296,477.33,2954,312,3,1,0,1,1,0,0,0,30779.1,358.0,0.6876163873370578,5,1,0.9879133
100453,39,1,4,168104,7,6,0,1,1,0,9,9828,982.8,5850,56,3,1,1,1,1,1,0,0,55945.2,819.0,0.5952380952380952,5,1,0.9879133
100020,64,0,5,136677,2,1,0,1,1,0,9,9360,936.0,5479,217,3,1,4,1,1,1,0,0,46283.1,780.0,0.5853632478632479,5,1,0.9877065
100171,65,1,4,103736,4,3,0,1,1,0,10,8240,749.09,5396,128,4,1,4,1,1,1,0,0,36040.8,686.67,0.6548543689320389,6,1,0.9876747
100211,57,1,4,176246,2,4,0,1,1,0,8,5136,570.67,3083,136,3,1,3,1,1,1,0,0,56041.8,428.0,0.6002725856697819,5,1,0.98730636
100463,67,1,6,109539,2,4,0,1,1,0,11,9801,816.75,4854,69,5,1,4,1,1,1,0,0,38762.2,816.75,0.4952555861646771,7,1,0.98730636
100344,48,1,1,107673,2,2,0,1,1,0,12,9252,711.69,4639,10,2,1,2,1,1,1,1,0,37327.9,771.0,0.5014051015996541,4,1,0.9869602
100336,65,0,4,86069,7,4,0,1,1,0,9,9846,984.6,9294,206,5,1,4,1,1,1,0,0,31743.7,820.5,0.9439366240097502,7,1,0.9869392
100386,43,0,7,96416,4,0,0,1,1,0,9,7191,719.1,5158,35,3,1,2,1,1,1,0,0,33120.3,599.25,0.7172854957585871,5,1,0.9869392
100420,22,0,8,130947,6,3,0,1,1,0,13,12142,867.29,8785,11,4,1,0,1,1,1,1,0,46155.1,1011.83,0.7235216603524954,6,1,0.9869392
100425,42,0,8,126099,1,4,0,1,1,0,10,11900,1081.82,11130,14,2,1,2,1,1,1,1,0,44179.7,991.67,0.9352941176470588,4,1,0.9865492
100169,22,1,4,144439,5,7,0,0,1,0,8,8488,943.11,6792,21,1,1,0,1,1,1,1,0,47775.7,707.33,0.8001885014137606,2,1,0.9865145
100323,28,1,5,127395,5,6,0,1,1,0,8,7008,778.67,6109,134,5,1,0,1,1,1,0,0,42722.5,584.0,0.8717180365296804,7,1,0.9865145
100307,49,1,4,160697,5,1,0,1,1,0,8,6176,686.22,5625,137,1,1,2,1,1,1,0,0,51497.1,514.67,0.9107836787564768,3,1,0.9865145
100247,23,1,0,119971,5,4,0,1,1,0,9,3051,305.1,2644,362,4,0,0,1,1,0,0,0,38316.8,254.25,0.866601114388725,6,1,0.986147
100041,41,1,7,178205,2,5,0,1,1,0,8,8184,909.33,7258,273,2,1,2,1,1,1,0,0,57953.5,682.0,0.886852394916911,4,1,0.986112
100162,49,1,2,85297,2,2,0,1,1,0,9,8505,850.5,6081,193,1,1,2,1,1,1,0,0,30041.6,708.75,0.7149911816578484,3,1,0.98573375
100116,27,0,8,116061,7,1,0,1,1,1,6,5676,810.86,2078,138,2,0,0,1,0,1,0,1,38056.3,473.0,0.3661028893587033,5,0,0.95012176
100221,53,0,7,57379,4,0,0,1,1,1,5,2755,459.17,1011,205,3,0,3,0,0,0,0,1,19191.2,229.58,0.3669691470054446,6,0,0.94917536
100226,46,0,7,105747,1,3,0,1,1,1,6,4644,663.43,970,55,2,0,2,1,0,0,0,1,34446.1,387.0,0.2088716623600344,5,0,0.94917536
100165,52,0,8,168498,0,7,0,1,1,1,5,2190,365.0,495,118,2,0,3,1,0,0,0,1,52044.4,182.5,0.2260273972602739,5,0,0.94917536
100465,52,0,1,66823,7,0,0,1,1,1,8,3472,385.78,1140,230,5,0,3,0,1,0,0,1,22782.9,289.33,0.3283410138248848,8,0,0.94881403
100372,43,1,7,131968,5,1,0,1,1,1,3,2937,734.25,695,156,3,0,2,1,0,0,0,1,41658.9,244.75,0.236636023152877,6,0,0.9485622
100293,53,1,8,19421,7,6,0,1,1,1,8,3040,337.78,652,229,4,0,3,0,1,0,0,1,8146.3,253.33,0.2144736842105263,7,0,0.9485622
100105,31,1,7,158470,6,3,0,1,1,1,7,4977,622.12,2066,274,4,0,1,1,0,0,0,1,50829.5,414.75,0.4151095037170986,7,0,0.9485622
100457,46,1,9,152146,5,0,0,1,1,1,6,6216,888.0,1977,114,3,0,2,1,0,1,0,1,49351.8,518.0,0.318050193050193,6,0,0.9485622
100310,38,1,6,43007,6,0,0,1,1,1,5,2165,360.83,807,115,1,0,1,0,0,0,0,1,14184.6,180.42,0.3727482678983834,4,0,0.9485622
100423,42,0,3,43055,1,3,0,1,1,1,10,9790,890.0,3958,325,1,1,2,0,1,1,0,1,18011.5,815.83,0.4042900919305414,4,0,0.9478441
100461,21,1,7,166363,1,1,0,1,1,1,6,5718,816.86,1673,277,3,0,0,1,0,1,0,1,53367.9,476.5,0.2925848198670864,6,0,0.9475879
100260,59,1,5,93929,0,5,0,1,1,1,6,5298,756.86,1912,42,3,0,3,1,0,1,0,1,31427.7,441.5,0.3608909022272555,6,0,0.9475879
100406,27,1,8,43750,1,6,0,1,1,1,6,3306,472.29,672,212,1,0,0,0,0,0,0,1,14978.0,275.5,0.2032667876588021,4,0,0.9475879
100297,28,1,6,77108,0,7,0,1,1,1,11,5874,489.5,1899,307,3,1,0,0,1,1,0,1,26669.4,489.5,0.3232890704800817,6,0,0.9475879
100263,21,1,7,87388,1,3,0,1,1,1,6,7086,1012.29,2353,68,1,0,0,1,0,1,0,1,29959.4,590.5,0.3320632232571267,4,0,0.9475879
100152,69,1,7,17704,3,4,0,1,1,1,3,1182,295.5,379,268,1,0,4,0,0,0,0,1,6102.2,98.5,0.3206429780033841,4,0,0.9475879
100215,22,1,4,51310,0,4,0,1,1,1,6,5790,827.14,1923,258,2,0,0,0,0,1,0,1,18688.0,482.5,0.3321243523316062,5,0,0.9475879
100493,46,1,4,72428,4,6,0,1,1,1,6,5988,855.43,2385,319,3,0,2,0,0,1,0,1,25322.4,499.0,0.3982965931863727,6,0,0.9475879
100331,42,1,0,137703,5,0,0,1,1,1,4,2164,432.8,638,74,2,0,2,1,0,0,0,1,42792.9,180.33,0.2948243992606285,5,0,0.94721586
100175,64,1,0,39723,7,3,0,1,1,1,10,8310,755.45,3378,310,1,1,4,0,1,1,0,1,16271.9,692.5,0.4064981949458484,4,0,0.94721586
100496,41,1,0,125132,5,2,0,1,1,1,5,3040,506.67,634,27,1,0,2,1,0,0,1,1,39259.6,253.33,0.2085526315789473,4,0,0.94721586
100093,49,1,3,172928,7,0,0,1,1,1,3,2595,648.75,850,106,2,0,2,1,0,0,0,1,53575.9,216.25,0.327552986512524,5,0,0.94721586
100112,62,1,0,91141,5,6,0,1,1,1,7,3171,396.38,780,356,5,0,4,1,0,0,0,1,29927.8,264.25,0.2459791863765373,8,0,0.94721586
100031,47,1,1,31975,0,5,0,1,1,1,9,9207,920.7,3016,273,1,1,2,0,1,1,0,1,14396.0,767.25,0.327576843705876,4,0,0.9462174
100009,43,1,0,128400,2,6,0,1,1,1,6,3090,441.43,815,310,1,0,2,1,0,0,0,1,40265.0,257.5,0.2637540453074433,4,0,0.9462174
100389,62,1,2,30073,0,7,0,1,1,1,3,2544,636.0,917,146,5,0,4,0,0,0,0,1,11293.9,212.0,0.3604559748427673,8,0,0.9462174
100113,59,1,1,24115,3,7,0,1,1,1,3,3345,836.25,1346,26,5,0,3,0,0,0,1,1,9907.0,278.75,0.4023916292974589,8,0,0.9462174
100204,69,1,0,154635,2,4,0,1,1,1,6,6630,947.14,2001,103,5,0,4,1,0,1,0,1,50705.5,552.5,0.3018099547511312,8,0,0.9462174
100183,53,1,2,105680,0,2,0,1,1,1,6,6378,911.14,2217,150,1,0,3,1,0,1,0,1,35093.0,531.5,0.3476011288805268,4,0,0.9462174
100087,67,0,7,103155,7,6,0,1,1,1,7,6244,780.5,3148,26,3,0,4,1,0,1,1,1,34668.5,520.33,0.50416399743754,6,0,0.94410574
100030,69,0,5,170562,6,1,0,1,1,1,7,6573,821.62,4053,306,4,0,4,1,0,1,0,1,55255.1,547.75,0.6166134185303515,7,0,0.94410574
100441,65,0,6,67099,4,5,0,1,1,1,2,1878,626.0,1155,349,2,0,4,0,0,0,0,1,21468.7,156.5,0.6150159744408946,5,0,0.943052
100034,36,0,9,154633,0,3,0,0,1,1,5,1895,315.83,818,132,3,0,1,1,0,0,0,1,47937.4,157.92,0.4316622691292876,5,0,0.943052
100032,62,0,8,169795,0,6,0,1,1,1,4,4296,859.2,1877,179,1,0,4,1,0,0,0,1,53286.5,358.0,0.4369180633147113,4,0,0.943052
100078,35,0,5,38155,1,2,0,0,1,1,14,15386,1025.73,9004,196,4,1,1,0,1,1,0,1,19939.5,1282.17,0.5852073313401794,6,0,0.943052
100448,33,0,7,51922,0,3,0,1,1,1,8,8752,972.44,4920,10,4,1,1,0,1,1,1,1,20752.6,729.33,0.5621572212065814,7,0,0.943052
100449,62,1,8,54913,6,7,0,1,1,1,12,12672,974.77,7420,233,1,1,4,0,1,1,0,1,23009.9,1056.0,0.5855429292929293,4,0,0.9423695
100177,40,1,4,112494,7,2,0,1,1,1,5,4875,812.5,2935,360,5,0,1,1,0,0,0,1,37185.7,406.25,0.602051282051282,8,0,0.9423695
100104,44,1,7,73212,6,0,0,1,1,1,6,7146,1020.86,3507,278,5,0,2,0,0,1,0,1,26536.6,595.5,0.4907640638119228,8,0,0.9423695
100328,68,1,7,48378,6,3,0,1,1,1,5,5090,848.33,2558,176,4,0,4,0,0,1,0,1,17858.4,424.17,0.5025540275049116,7,0,0.9423695
100051,40,1,6,76674,7,7,0,1,1,1,10,8080,734.55,4387,17,1,1,1,0,1,1,1,1,27242.2,673.33,0.5429455445544554,4,0,0.9423695
100491,32,1,5,118297,5,7,0,1,1,1,4,3208,641.6,2107,181,5,0,1,1,0,0,0,1,38093.1,267.33,0.6567955112219451,8,0,0.9423695
100187,61,0,3,75449,4,0,0,1,1,1,10,9790,890.0,4685,351,3,1,4,0,1,1,0,1,28129.7,815.83,0.4785495403472931,6,0,0.9415703
100497,59,1,7,28052,3,4,0,1,1,1,6,3180,454.29,1963,308,3,0,3,0,0,0,0,1,10605.6,265.0,0.6172955974842768,6,0,0.94128513
100498,56,1,9,112689,4,5,0,1,1,1,3,2046,511.5,1424,146,4,0,3,1,0,0,0,1,35629.7,170.5,0.6959921798631477,7,0,0.94128513
100224,22,1,4,19151,3,4,0,1,1,1,6,3660,522.86,2538,346,3,0,0,0,0,0,0,1,8175.3,305.0,0.6934426229508197,6,0,0.94128513
100227,52,1,9,179450,4,7,0,1,1,1,4,3476,695.2,2048,209,1,0,3,1,0,0,0,1,55773.0,289.67,0.5891829689298044,4,0,0.94128513
100125,57,1,5,166268,3,3,0,1,1,1,6,5214,744.86,2618,81,3,0,3,1,0,1,0,1,53087.4,434.5,0.5021097046413502,6,0,0.94128513
100172,26,1,5,63924,0,6,0,1,1,1,8,4432,492.44,2894,124,2,1,0,0,1,0,0,1,21793.2,369.33,0.6529783393501805,5,0,0.94128513
100267,43,1,9,46084,1,0,0,1,1,1,10,9180,834.55,4492,170,4,1,2,0,1,1,0,1,19215.2,765.0,0.4893246187363834,7,0,0.94128513
100158,59,1,4,41165,1,0,0,1,1,1,4,3784,756.8,2472,343,2,0,3,0,0,0,0,1,14641.5,315.33,0.653276955602537,5,0,0.94128513
100421,52,1,4,17901,4,7,0,1,1,1,5,2425,404.17,1050,176,3,0,3,0,0,0,0,1,7182.8,202.08,0.4329896907216495,6,0,0.94128513
100433,53,1,4,43822,1,2,0,1,1,1,6,1860,265.71,881,105,3,0,3,0,0,0,0,1,14676.6,155.0,0.4736559139784946,6,0,0.94128513
100399,49,1,4,155401,0,0,0,1,1,1,6,6684,954.86,3432,124,5,0,2,1,0,1,0,1,50962.3,557.0,0.5134649910233393,8,0,0.94128513
100073,30,1,9,47946,2,5,0,1,1,1,6,6384,912.0,4081,84,3,0,0,0,0,1,0,1,18175.8,532.0,0.6392543859649122,6,0,0.94128513
100259,60,1,7,49384,2,0,0,1,1,1,5,2795,465.83,1405,162,1,0,3,0,0,0,0,1,16412.699999999997,232.92,0.5026833631484794,4,0,0.94128513
100062,60,1,2,88367,7,3,0,1,1,1,3,1650,412.5,1116,269,5,0,3,1,0,0,0,1,28335.1,137.5,0.6763636363636364,8,0,0.9408712
100138,21,1,3,62138,5,7,0,1,1,1,9,10647,1064.7,5387,360,1,1,0,0,1,1,0,1,24164.9,887.25,0.5059641213487367,4,0,0.9408712
100245,36,1,2,167683,3,7,0,1,1,1,5,3955,659.17,2760,202,4,0,1,1,0,0,0,1,53082.4,329.58,0.6978508217446271,7,0,0.9397603
100053,67,1,0,164999,3,5,0,1,1,1,5,5370,895.0,2895,315,4,0,4,1,0,1,0,1,52984.7,447.5,0.5391061452513967,7,0,0.9397603
100274,46,1,0,100920,4,7,0,1,1,1,7,4704,588.0,2418,162,2,0,2,1,0,0,0,1,33028.0,392.0,0.514030612244898,5,0,0.9397603
100437,25,1,0,122719,1,3,0,1,1,1,7,5873,734.12,3847,273,3,0,0,1,0,1,0,1,40352.2,489.42,0.6550315000851353,6,0,0.9397603
100392,37,1,2,95362,1,2,0,1,1,1,7,5537,692.12,3690,110,2,0,1,1,0,1,0,1,31777.1,461.42,0.6664258623803504,5,0,0.9397603
100074,56,0,7,67204,6,6,0,1,1,1,12,10848,834.46,7654,42,3,1,3,0,1,1,0,1,26185.2,904.0,0.7055678466076696,6,0,0.9379553
100456,57,0,4,40141,7,0,0,1,1,1,9,3087,308.7,2534,228,2,0,3,0,1,0,0,1,13985.8,257.25,0.8208616780045351,5,0,0.9379553
100066,62,0,9,31816,1,1,0,1,1,1,7,4823,602.88,3812,350,3,0,4,0,0,0,0,1,12556.3,401.92,0.7903794318888658,6,0,0.9379553
100016,23,0,5,165087,7,2,0,1,1,1,7,2219,277.38,1995,135,5,0,0,1,0,0,0,1,51635.6,184.92,0.8990536277602523,8,0,0.9379553
100233,58,0,4,24289,7,5,0,1,1,1,10,7720,701.82,6916,138,5,1,3,0,1,1,0,1,12146.7,643.33,0.8958549222797928,8,0,0.9379553
100192,47,0,9,34612,0,3,0,0,1,1,7,7784,973.0,6696,326,2,0,2,0,0,1,0,1,14675.6,648.67,0.8602261048304214,4,0,0.9379553
100015,44,0,9,43585,4,6,0,1,1,1,4,4400,880.0,3941,77,5,0,2,0,0,0,0,1,16275.5,366.67,0.8956818181818181,8,0,0.9379553
100470,21,0,5,69009,7,7,0,1,1,1,10,5420,492.73,4716,149,4,1,0,0,1,1,0,1,24212.7,451.67,0.870110701107011,7,0,0.9379553
100023,22,0,2,29778,6,4,0,1,1,1,4,2988,597.6,2413,11,3,0,0,0,0,0,1,1,11027.4,249.0,0.8075635876840697,6,0,0.93635
100119,32,0,1,13969,2,4,0,1,1,1,10,4270,388.18,3651,363,2,1,1,0,1,0,0,1,6725.7,355.83,0.8550351288056206,5,0,0.93635
100257,61,0,1,177140,4,6,0,1,1,1,4,4000,800.0,3397,322,3,0,4,1,0,0,0,1,55742.0,333.33,0.84925,6,0,0.93635
100374,23,0,1,88559,3,7,0,1,1,1,5,3015,502.5,2533,176,3,0,0,1,0,0,0,1,28675.2,251.25,0.8401326699834163,6,0,0.93635
100294,44,1,4,29727,0,0,0,1,1,1,5,5395,899.17,3795,20,1,0,2,0,0,1,1,1,11815.6,449.58,0.7034291010194624,4,0,0.93604106
100070,46,1,7,120856,0,2,0,1,1,1,5,2240,373.33,1939,51,5,0,2,1,0,0,0,1,38376.8,186.67,0.865625,8,0,0.93604106
100123,43,1,6,22225,0,6,0,1,1,1,6,2748,392.57,2295,119,5,0,2,0,0,0,0,1,9041.5,229.0,0.8351528384279476,8,0,0.93604106
100395,29,1,5,22382,0,0,0,1,1,1,7,4788,598.5,4049,14,2,0,0,0,0,0,1,1,9508.6,399.0,0.845655806182122,5,0,0.93604106
100079,28,1,8,91671,0,1,0,0,1,1,7,4256,532.0,3414,248,3,0,0,1,0,0,0,1,30229.3,354.67,0.8021616541353384,5,0,0.93604106
100378,51,1,8,130413,2,0,0,1,1,1,5,3685,614.17,2761,276,5,0,3,1,0,0,0,1,41966.4,307.08,0.7492537313432835,8,0,0.93604106
100029,45,1,9,69056,4,4,0,1,1,1,8,4520,502.22,4274,96,3,1,2,0,1,0,0,1,23576.8,376.67,0.945575221238938,6,0,0.93604106
100026,32,1,4,140267,5,3,0,0,1,1,7,3612,451.5,3265,12,3,0,1,1,0,0,1,1,44486.1,301.0,0.9039313399778516,5,0,0.93604106
100134,57,1,9,40625,0,0,0,1,1,1,4,2624,524.8,1930,53,3,0,3,0,0,0,0,1,14099.5,218.67,0.7355182926829268,6,0,0.93604106
100173,48,1,8,15726,4,4,0,1,1,1,2,768,256.0,630,146,4,0,2,0,0,0,0,1,5901.8,64.0,0.8203125,7,0,0.93604106
100046,45,1,1,57893,4,6,0,1,1,1,3,3150,787.5,2255,61,2,0,2,0,0,0,0,1,19342.9,262.5,0.7158730158730159,5,0,0.9343896
100199,35,1,3,33636,5,5,0,1,1,1,4,3432,686.4,2506,109,1,0,1,0,0,0,0,1,12006.8,286.0,0.7301864801864801,4,0,0.9343896
100163,56,1,2,108652,4,7,0,1,1,1,6,5550,792.86,3916,303,1,0,3,1,0,1,0,1,35570.6,462.5,0.7055855855855856,4,0,0.9343896
100354,64,1,3,80619,4,0,0,1,1,1,3,1473,368.25,1391,190,1,0,4,1,0,0,0,1,25122.2,122.75,0.9443312966734556,4,0,0.9343896
100397,68,0,7,73929,5,0,0,1,1,0,10,10540,958.18,2208,232,4,1,4,0,1,1,0,0,28248.7,878.33,0.2094876660341555,6,0,0.9329269
100201,52,0,5,65551,5,7,0,1,1,0,8,4448,494.22,1731,247,5,1,3,0,1,0,0,0,22889.3,370.67,0.3891636690647482,7,0,0.9329269
100284,29,0,7,80388,6,7,0,1,1,0,6,5514,787.71,1915,107,5,0,0,1,0,1,0,0,27873.4,459.5,0.3472977874501269,7,0,0.9329269
100339,47,1,0,137541,3,4,0,1,1,1,1,371,185.5,189,67,5,0,2,1,0,0,0,1,42447.8,30.92,0.5094339622641509,8,0,0.93252647
100140,46,0,7,173731,4,2,0,1,1,0,3,2799,699.75,1084,194,5,0,2,1,0,0,0,0,54518.8,233.25,0.3872811718470882,7,0,0.9316777
100289,36,0,5,35711,4,4,0,1,1,0,14,5810,387.33,2166,24,5,1,1,0,1,1,1,0,14618.3,484.17,0.3728055077452668,7,0,0.9316777
100329,32,0,5,147327,4,1,0,1,1,0,5,3825,637.5,1157,323,5,0,1,1,0,0,0,0,47110.6,318.75,0.302483660130719,7,0,0.9316777
100415,32,0,4,148728,4,2,0,1,1,0,3,3189,797.25,719,259,3,0,1,1,0,0,0,0,46812.9,265.75,0.2254625274380683,5,0,0.9316777
100469,65,1,5,24411,5,3,0,1,1,0,10,6820,620.0,1814,159,4,1,4,0,1,1,0,0,11533.3,568.33,0.2659824046920821,6,0,0.9308689
100213,37,1,4,71182,5,4,0,1,1,0,5,3390,565.0,701,108,5,0,1,0,0,0,0,0,24049.6,282.5,0.2067846607669616,7,0,0.9308689
100446,60,1,9,98269,6,0,0,1,1,0,6,3036,433.71,1098,121,5,0,3,1,0,0,0,0,31998.7,253.0,0.3616600790513834,7,0,0.9308689
100375,38,1,7,22699,7,6,0,1,1,0,7,7014,876.75,2675,195,1,0,1,0,0,1,0,0,10516.7,584.5,0.3813800969489592,3,0,0.9308689
100356,50,0,3,58479,4,0,0,1,1,0,8,4640,515.56,1179,196,5,1,2,0,1,0,0,0,20863.7,386.67,0.2540948275862069,7,0,0.92992204
100483,34,0,2,81252,4,3,0,1,1,0,6,1842,263.14,747,68,2,0,1,1,0,0,0,0,25696.6,153.5,0.4055374592833876,4,0,0.92992204
100207,59,0,4,170038,3,3,0,1,1,0,7,7133,891.62,1747,304,3,0,3,1,0,1,0,0,55177.9,594.42,0.2449179868218141,5,0,0.92975503
100003,35,0,9,86131,0,2,0,1,1,0,5,5925,987.5,2163,363,2,0,1,1,0,1,0,0,29201.8,493.75,0.3650632911392405,4,0,0.92975503
100282,57,0,6,61104,0,6,0,1,1,0,5,5690,948.33,1569,93,2,0,3,0,0,1,0,0,21576.2,474.17,0.2757469244288225,4,0,0.92975503
100236,54,0,8,126014,1,5,0,0,1,0,4,1484,296.8,560,171,4,0,3,1,0,0,0,0,39346.2,123.67,0.3773584905660377,5,0,0.92975503
100271,55,1,4,150299,4,3,0,1,1,0,6,4578,654.0,1224,305,4,0,3,1,0,0,0,0,48178.7,381.5,0.2673656618610747,6,0,0.9295842
100136,34,1,8,48487,4,3,0,1,1,0,2,1064,354.67,336,80,1,0,1,0,0,0,0,0,15278.1,88.67,0.3157894736842105,3,0,0.9295842
100485,25,1,0,75037,5,5,0,1,1,0,5,2570,428.33,524,293,2,0,0,0,0,0,0,0,24196.1,214.17,0.2038910505836575,4,0,0.929094
100454,48,1,3,56936,5,2,0,1,1,0,11,5863,488.58,1340,42,2,1,2,0,1,1,0,0,20412.3,488.58,0.228551935869009,4,0,0.929094
100237,26,1,1,172806,6,0,0,1,1,0,6,4920,702.86,1953,154,2,0,0,1,0,0,0,0,54701.8,410.0,0.3969512195121951,4,0,0.929094
100385,42,0,0,141992,0,7,0,1,1,0,6,5808,829.71,1287,342,2,0,2,1,0,1,0,0,45901.6,484.0,0.2215909090909091,4,0,0.9279537
100022,58,0,0,41426,0,6,0,1,1,0,5,3325,554.17,1116,74,5,0,3,0,0,0,0,0,15090.3,277.08,0.3356390977443609,7,0,0.9279537
100089,46,0,0,170492,2,6,0,1,1,0,7,3381,422.62,846,19,3,0,2,1,0,0,1,0,53438.1,281.75,0.2502218278615794,5,0,0.9279537
100481,42,1,7,153028,2,5,0,1,1,0,6,5448,778.29,2093,263,4,0,2,1,0,1,0,0,49432.4,454.0,0.3841776798825257,6,0,0.9276073
100110,53,1,5,80785,2,3,0,1,1,0,7,3801,475.12,1252,26,1,0,3,1,0,0,1,0,26336.0,316.75,0.3293870034201526,3,0,0.9276073
100343,53,1,4,143733,1,6,0,1,1,0,7,2408,301.0,848,325,5,0,3,1,0,0,0,0,45323.9,200.67,0.3521594684385382,7,0,0.9276073
100308,38,1,7,45893,2,4,0,1,1,0,8,5592,621.33,1648,318,3,1,1,0,1,1,0,0,17163.9,466.0,0.2947067238912732,5,0,0.9276073
100037,64,1,7,38916,0,0,0,1,1,0,3,1653,413.25,520,319,1,0,4,0,0,0,0,0,12701.3,137.75,0.3145795523290986,3,0,0.9276073
100382,44,1,9,136481,3,4,0,1,1,0,2,1360,453.33,317,236,2,0,2,1,0,0,0,0,42024.3,113.33,0.2330882352941176,4,0,0.9276073
100241,36,1,9,30743,1,3,0,1,1,0,7,4466,558.25,1120,285,5,0,1,0,0,0,0,0,12455.9,372.17,0.2507836990595611,7,0,0.9276073
100102,64,1,4,57272,1,5,0,0,1,0,6,6612,944.57,2683,264,5,0,4,0,0,1,0,0,21487.6,551.0,0.4057773744706594,6,0,0.9276073
100064,22,1,3,88619,2,6,0,1,1,0,6,2310,330.0,493,6,2,0,0,1,0,0,1,0,28140.7,192.5,0.2134199134199134,4,0,0.9257553
100167,42,1,3,115754,2,5,0,1,1,0,7,7105,888.12,2962,352,5,0,2,1,0,1,0,0,39278.7,592.08,0.4168895144264602,7,0,0.9257553
100035,35,1,0,100397,2,4,0,1,1,0,6,5856,836.57,2403,343,3,0,1,1,0,1,0,0,33647.1,488.0,0.4103483606557377,5,0,0.9257553
100195,53,1,0,43348,3,6,0,1,1,0,5,2180,363.33,494,65,2,0,3,0,0,0,0,0,14494.4,181.67,0.2266055045871559,4,0,0.9257553
100217,48,0,5,140803,7,5,0,1,1,0,7,7875,984.38,3564,222,1,0,2,1,0,1,0,0,46378.4,656.25,0.4525714285714285,3,0,0.92500067
100364,49,0,4,41301,5,5,0,1,1,0,7,6258,782.25,3179,70,2,0,2,0,0,1,0,0,15919.3,521.5,0.5079897730904442,4,0,0.92500067
100216,22,0,0,68088,5,7,0,1,1,0,3,2856,714.0,1869,253,4,0,0,0,0,0,0,0,22654.4,238.0,0.6544117647058824,6,0,0.92308754
100401,46,1,5,99468,5,2,0,1,1,0,7,7182,897.75,4932,111,1,0,2,1,0,1,0,0,33631.399999999994,598.5,0.6867167919799498,3,0,0.9227196
100208,22,1,7,170059,7,2,0,1,1,0,3,2142,535.5,951,344,5,0,0,1,0,0,0,0,53088.7,178.5,0.4439775910364145,7,0,0.9227196
100402,55,1,4,46594,7,7,0,1,1,0,7,7210,901.25,3335,124,5,0,3,0,0,1,0,0,18583.2,600.83,0.4625520110957004,7,0,0.9227196
100238,42,1,7,84588,6,5,0,1,1,0,7,4655,581.88,2692,183,5,0,2,1,0,0,0,0,28703.9,387.92,0.5783029001074114,7,0,0.9227196
100495,68,0,7,71353,2,4,0,1,1,0,10,7770,706.36,4179,8,4,1,4,0,1,1,1,0,26090.9,647.5,0.5378378378378378,6,0,0.92148554
100459,29,0,5,109359,3,4,0,1,1,0,4,3788,757.6,2444,174,2,0,0,1,0,0,0,0,35101.7,315.67,0.6451953537486801,4,0,0.92148554
100439,24,0,7,176685,1,0,0,1,1,0,5,3430,571.67,2327,326,5,0,0,1,0,0,0,0,55720.5,285.83,0.6784256559766764,7,0,0.92148554
100278,21,0,4,38160,3,3,0,1,1,0,8,6864,762.67,3971,40,3,1,0,0,1,1,0,0,15480.0,572.0,0.5785256410256411,5,0,0.92148554
100232,37,0,4,120177,2,1,0,1,1,0,5,3930,655.0,2476,308,2,0,1,1,0,0,0,0,38418.1,327.5,0.6300254452926208,4,0,0.92148554
100054,27,1,7,98475,4,4,0,1,1,0,4,2656,531.2,1376,69,4,0,0,1,0,0,0,0,31670.5,221.33,0.5180722891566265,6,0,0.92129636
100044,38,1,5,47046,4,7,0,1,1,0,4,4088,817.6,2815,58,3,0,1,0,0,0,0,0,16757.8,340.67,0.6886007827788649,5,0,0.92129636
100349,39,1,0,37592,7,5,0,1,1,0,10,10330,939.09,6607,291,4,1,1,0,1,1,0,0,17242.6,860.83,0.639593417231365,6,0,0.92075324
100366,66,1,0,110452,5,6,0,1,1,0,7,4690,586.25,2737,219,4,0,4,1,0,0,0,0,36280.6,390.83,0.5835820895522388,6,0,0.92075324
100440,26,1,1,40179,5,7,0,1,1,0,4,2108,421.6,1415,336,4,0,0,0,0,0,0,0,13907.7,175.67,0.6712523719165086,6,0,0.92075324
100205,69,1,0,58819,5,0,0,1,1,0,6,3252,464.57,1864,112,5,0,4,0,0,0,0,0,20271.7,271.0,0.5731857318573186,7,0,0.92075324
100472,59,1,0,44371,7,4,0,1,1,0,2,880,293.33,382,72,3,0,3,0,0,0,0,0,14351.3,73.33,0.4340909090909091,5,0,0.92075324
100471,36,1,1,158494,7,7,0,1,1,0,7,6062,757.75,2982,27,3,0,1,1,0,1,1,0,51179.2,505.17,0.4919168591224018,5,0,0.92075324
100010,31,0,1,92818,3,6,0,1,1,0,6,2274,324.86,1563,349,3,0,1,1,0,0,0,0,29582.4,189.5,0.6873350923482849,5,0,0.9194906
100101,21,0,2,138945,1,7,0,1,1,0,7,5222,652.75,2799,224,1,0,0,1,0,1,0,0,44494.5,435.17,0.5360015319800843,3,0,0.9194906
100477,32,1,5,38715,0,5,0,1,1,0,6,5976,853.71,2555,282,4,0,1,0,0,1,0,0,15402.5,498.0,0.4275435073627844,6,0,0.9191069
100473,25,1,4,69022,0,0,0,1,1,0,4,3024,604.8,1653,248,1,0,0,0,0,0,0,0,22418.6,252.0,0.5466269841269841,3,0,0.9191069
100033,48,1,9,166351,2,6,0,1,1,0,5,5615,935.83,2910,64,5,0,2,1,0,1,0,0,53712.8,467.92,0.5182546749777382,7,0,0.9191069
100351,55,1,4,12207,2,2,0,0,1,0,7,2247,280.88,1421,326,4,0,3,0,0,0,0,0,5585.6,187.25,0.632398753894081,5,0,0.9191069
100098,27,1,4,131273,3,6,0,1,1,0,6,3552,507.43,2154,150,1,0,0,1,0,0,0,0,41357.9,296.0,0.606418918918919,3,0,0.9191069
100346,53,1,4,60604,2,0,0,1,1,0,6,6924,989.14,3182,288,1,0,3,0,0,1,0,0,21843.2,577.0,0.4595609474292316,3,0,0.9191069
100305,55,1,7,172443,3,7,0,1,1,0,5,5015,835.83,3095,209,3,0,3,1,0,1,0,0,54840.4,417.92,0.617148554336989,5,0,0.9191069
100499,53,1,4,143743,0,1,0,0,1,0,6,2724,389.14,1754,91,5,0,3,1,0,0,0,0,45484.9,227.0,0.643906020558003,6,0,0.9191069
100184,21,1,4,108546,2,1,0,1,1,0,7,3073,384.12,1565,162,4,0,0,1,0,0,0,0,34900.3,256.08,0.5092743247640742,6,0,0.9191069
100272,27,1,9,174982,1,3,0,1,1,0,6,3276,468.0,2106,124,5,0,0,1,0,0,0,0,55132.6,273.0,0.6428571428571429,7,0,0.9191069
100188,23,1,3,121834,2,4,0,1,1,0,3,2595,648.75,1392,99,1,0,0,1,0,0,0,0,38047.7,216.25,0.5364161849710982,3,0,0.917057
100400,62,1,0,37169,0,4,0,1,1,0,6,5076,725.14,3168,279,3,0,4,0,0,1,0,0,14288.7,423.0,0.624113475177305,5,0,0.917057
100076,51,1,1,104324,0,6,0,1,1,0,5,5325,887.5,3697,57,1,0,3,1,0,1,0,0,34159.7,443.75,0.6942723004694835,3,0,0.917057
100085,65,1,3,163409,0,0,0,1,1,0,7,7595,949.38,5211,199,5,0,4,1,0,1,0,0,53820.2,632.92,0.6861092824226465,7,0,0.917057
100012,44,0,0,84099,4,2,0,1,1,0,5,3895,649.17,3572,289,5,0,2,1,0,0,0,0,28177.2,324.58,0.9170731707317074,7,0,0.914833
100479,36,0,0,111853,6,4,0,1,1,0,5,3590,598.33,2822,278,3,0,1,1,0,0,0,0,35950.9,299.17,0.7860724233983287,5,0,0.914833
100088,44,0,3,12281,6,2,0,1,1,0,6,5550,792.86,3938,246,1,0,2,0,0,1,0,0,6659.299999999999,462.5,0.7095495495495495,3,0,0.914833
100239,31,0,5,75646,0,6,0,1,1,0,13,5109,364.93,3872,242,4,1,1,0,1,1,0,0,26048.3,425.75,0.7578782540614601,6,0,0.9146335
100254,40,0,4,156745,3,2,0,1,1,0,2,2352,784.0,1799,229,4,0,1,1,0,0,0,0,48999.5,196.0,0.7648809523809523,6,0,0.9146335
100264,31,0,5,43401,0,5,0,1,1,0,5,3200,533.33,2423,173,3,0,1,0,0,0,0,0,15220.3,266.67,0.7571875,5,0,0.9146335
100091,65,0,6,88260,3,5,0,1,1,0,3,1863,465.75,1451,317,4,0,4,1,0,0,0,0,28209.5,155.25,0.7788513150831992,6,0,0.9146335
100248,40,0,9,24149,3,7,0,1,1,0,8,5264,584.89,4389,69,2,1,1,0,1,1,0,0,10276.7,438.67,0.8337765957446809,4,0,0.9146335
100149,33,1,8,48059,6,4,0,1,1,0,7,4403,550.38,4045,320,2,0,1,0,0,0,0,0,17019.199999999997,366.92,0.9186918010447422,4,0,0.91442925
100434,28,1,4,52108,6,4,0,1,1,0,7,2149,268.62,1900,132,5,0,0,0,0,0,0,0,17706.9,179.08,0.8841321544904607,7,0,0.91442925
100436,64,1,4,19967,6,4,0,1,1,0,11,3641,303.42,2791,248,5,0,4,0,1,0,0,0,8810.599999999999,303.42,0.7665476517440264,7,0,0.91442925
100316,53,0,0,157282,7,1,0,1,1,0,1,465,232.5,322,47,3,0,3,1,0,0,0,0,48017.1,38.75,0.6924731182795699,5,0,0.91403466
100394,53,0,0,77450,1,4,0,1,1,0,8,7984,887.11,6489,277,1,1,3,0,1,1,0,0,27427.0,665.33,0.812750501002004,3,0,0.91248095
100109,55,0,0,18570,2,0,0,1,1,0,9,10701,1070.1,7578,310,1,1,3,0,1,1,0,0,11121.5,891.75,0.7081581160639192,3,0,0.91248095
100092,61,1,3,171476,5,6,0,1,1,0,7,4319,539.88,3546,20,3,0,4,1,0,0,1,0,54202.3,359.92,0.821023385042834,5,0,0.91227204
100403,45,1,1,57033,7,0,0,1,1,0,6,6762,966.0,6003,30,5,0,2,0,0,1,1,0,21490.9,563.5,0.8877551020408163,7,0,0.91227204
100367,51,1,6,156467,2,7,0,1,1,0,5,5380,896.67,4883,297,5,0,3,1,0,1,0,0,50630.1,448.33,0.9076208178438662,7,0,0.91206706
100407,56,1,7,52461,3,7,0,1,1,0,7,2149,268.62,1920,38,4,0,3,0,0,0,0,0,17612.8,179.08,0.893438808748255,6,0,0.91206706
100405,33,1,6,85861,3,7,0,1,1,0,4,2428,485.6,1708,90,5,0,1,1,0,0,0,0,27972.3,202.33,0.7034596375617792,7,0,0.91206706
100063,24,1,6,132585,3,1,0,1,1,0,7,8022,1002.75,7076,187,4,0,0,1,0,1,0,0,44586.5,668.5,0.8820742956868611,6,0,0.91206706
100326,37,1,7,76315,2,4,0,1,1,0,4,4388,877.6,3236,140,4,0,1,0,0,0,0,0,25888.5,365.67,0.7374658158614403,6,0,0.91206706
100036,67,1,5,45142,0,4,0,1,1,0,3,2136,534.0,1984,272,2,0,4,0,0,0,0,0,15010.6,178.0,0.9288389513108616,4,0,0.91206706
100365,69,1,4,30752,1,1,0,1,1,0,4,4156,831.2,3076,256,1,0,4,0,0,0,0,0,11503.6,346.33,0.7401347449470644,3,0,0.91206706
100242,53,1,5,60368,3,0,0,1,1,0,11,8096,674.67,6012,27,2,1,3,0,1,1,1,0,22558.4,674.67,0.7425889328063241,4,0,0.91206706
100268,51,1,0,122641,2,6,0,1,1,0,3,3345,836.25,3132,47,4,0,3,1,0,0,0,0,39264.8,278.75,0.9363228699551568,6,0,0.90985614
100049,46,1,1,73272,2,2,0,0,1,0,7,4312,539.0,3953,34,3,0,2,0,0,0,0,0,24737.6,359.33,0.9167439703153988,4,0,0.90985614
100099,29,1,0,178129,1,4,0,1,1,0,7,5488,686.0,4880,10,2,0,0,1,0,1,1,0,56582.7,457.33,0.8892128279883382,4,0,0.90985614
100139,25,1,0,66061,3,5,0,1,1,0,12,5772,444.0,4130,326,5,1,0,0,1,1,0,0,23704.3,481.0,0.7155232155232155,7,0,0.90985614
100432,57,1,2,159992,0,0,0,1,1,0,6,6396,913.71,5804,56,3,0,3,1,0,1,0,0,51795.6,533.0,0.9074421513445904,5,0,0.90985614
100061,56,1,3,94189,0,5,0,1,1,0,4,1432,286.4,1016,83,2,0,3,1,0,0,0,0,29372.7,119.33,0.7094972067039106,4,0,0.90985614
100286,55,1,4,104578,7,3,0,0,0,0,10,6970,633.64,2301,65,2,0,3,1,1,1,0,0,35258.399999999994,580.83,0.33012912482066,2,1,0.07158757
100334,58,0,4,85794,0,3,0,1,0,0,8,6824,758.22,2686,292,5,0,3,1,1,1,0,0,30150.2,568.67,0.3936107854630715,6,1,0.07045408
100043,59,0,9,110317,0,5,0,1,0,0,8,3288,365.33,1115,180,4,0,3,1,1,0,0,0,35539.1,274.0,0.3391119221411192,5,1,0.07045408
100002,49,1,5,144028,1,3,0,1,0,0,8,8416,935.11,1779,150,5,0,2,1,1,1,0,0,48416.4,701.33,0.2113830798479087,6,1,0.068359576
100058,55,1,9,130154,2,2,0,1,0,1,15,15570,973.12,3376,206,5,0,3,1,1,1,0,0,47831.2,1297.5,0.2168272318561336,7,1,0.068359576
100486,67,0,4,101818,7,5,0,1,0,0,12,11808,908.31,7363,294,1,0,4,1,1,1,0,0,36649.4,984.0,0.6235602981029811,2,1,0.06596728
100170,62,0,3,127142,7,4,0,1,0,1,8,8872,985.78,4815,152,4,0,4,1,1,1,0,0,43378.6,739.33,0.5427186654643823,6,1,0.064307414
100387,22,0,7,139810,3,1,0,1,0,0,10,9450,859.09,5305,47,5,0,0,1,1,1,0,0,47668.0,787.5,0.5613756613756614,6,1,0.06297549
100458,43,0,5,149478,3,2,0,1,0,1,9,3969,396.9,2562,237,1,0,2,1,1,0,0,0,47027.9,330.75,0.6455026455026455,3,1,0.06297549
100056,28,0,3,155660,1,2,0,1,0,0,10,5700,518.18,2962,161,2,0,0,1,1,1,0,0,49948.0,475.0,0.5196491228070176,3,1,0.061385993
100489,66,0,3,166249,3,2,0,1,0,0,9,7164,716.4,4897,298,5,0,4,1,1,1,0,0,54456.7,597.0,0.6835566722501396,6,1,0.061385993
100121,53,1,9,147542,2,5,0,1,0,0,8,6936,770.67,4056,54,5,0,3,1,1,1,0,0,48730.6,578.0,0.5847750865051903,6,1,0.06108871
100266,45,1,8,139834,2,3,0,1,0,0,10,5170,470.0,2795,125,3,0,2,1,1,1,0,0,45135.2,430.83,0.5406189555125726,4,1,0.06108871
100071,64,1,1,83635,3,4,0,1,0,0,10,8820,801.82,4878,87,4,0,4,1,1,1,0,0,30300.5,735.0,0.5530612244897959,5,1,0.059543803
100451,39,1,3,116792,2,3,0,1,0,0,10,9160,832.73,4880,4,4,0,1,1,1,1,1,0,40417.6,763.33,0.5327510917030568,5,1,0.059543803
100417,35,0,7,86520,6,3,0,1,0,1,11,3575,297.92,2887,120,5,0,1,1,1,0,0,0,28743.5,297.92,0.8075524475524476,7,1,0.059452683
100008,39,1,0,126225,7,3,0,1,0,0,9,6435,643.5,4689,321,2,0,1,1,1,1,0,0,41485.0,536.25,0.7286713286713287,3,1,0.056201447
100181,45,1,0,115896,1,4,0,1,0,1,8,2688,298.67,1986,57,5,0,2,1,1,0,0,0,37112.8,224.0,0.7388392857142857,7,1,0.054640602
100492,36,1,0,148614,2,2,0,1,0,0,9,9729,972.9,8171,235,5,0,1,1,1,1,0,0,50448.7,810.75,0.8398602117381025,6,1,0.054640602
100212,69,0,4,76106,5,5,0,1,0,1,10,9810,891.82,3020,55,5,0,4,0,1,1,0,0,28736.8,817.5,0.3078491335372069,7,0,0.03301114
100220,52,0,4,122350,4,0,0,1,0,0,6,2526,360.86,669,166,1,0,3,1,0,0,0,0,38168.0,210.5,0.2648456057007126,2,0,0.032385107
100270,62,0,2,179523,4,7,0,0,0,1,4,4120,824.0,1071,217,2,0,4,1,0,0,0,0,56316.9,343.33,0.2599514563106796,3,0,0.031541716
100390,22,0,7,48035,1,3,0,1,0,0,8,6912,768.0,1716,159,2,0,0,0,1,1,0,0,18266.5,576.0,0.2482638888888889,3,0,0.03146365
100291,40,1,4,69993,4,3,0,1,0,0,5,4425,737.5,1581,62,5,0,1,0,0,0,0,0,24210.4,368.75,0.3572881355932203,6,0,0.031384133
100157,43,1,5,126044,4,7,0,1,0,0,5,2820,470.0,607,141,4,0,2,1,0,0,0,0,40023.2,235.0,0.2152482269503546,5,0,0.031384133
100355,48,1,0,172400,5,3,0,1,0,1,3,1128,282.0,333,355,5,0,2,1,0,0,0,0,53284.0,94.0,0.2952127659574468,7,0,0.03115797
100428,62,1,2,35429,5,5,0,1,0,1,11,5049,420.75,1540,69,3,0,4,0,1,1,0,0,13753.2,420.75,0.3050108932461873,5,0,0.03115797
100464,54,0,3,58851,0,5,0,1,0,0,8,3048,338.67,1129,326,2,0,3,0,1,0,0,0,19579.3,254.0,0.3704068241469816,3,0,0.030643499
100084,36,0,2,46707,2,0,0,1,0,0,7,2695,336.88,723,253,5,0,1,0,0,0,0,0,16359.6,224.58,0.2682745825602968,6,0,0.030643499
100409,40,1,4,124020,3,3,0,1,0,1,7,8218,1027.25,2228,27,5,0,1,1,0,1,1,0,42315.0,684.83,0.2711121927476271,7,0,0.030490259
100146,35,1,4,170056,2,1,0,1,0,0,4,4560,912.0,1274,209,4,0,1,1,0,0,0,0,54096.8,380.0,0.2793859649122807,5,0,0.030490259
100303,68,1,5,67754,2,6,0,1,0,1,7,8092,1011.5,3164,118,4,0,4,0,0,1,0,0,25172.2,674.33,0.3910034602076124,6,0,0.030490259
100404,44,1,7,75133,2,7,0,1,0,0,7,6307,788.38,1895,115,5,0,2,0,0,1,0,0,26693.4,525.58,0.300459806564135,6,0,0.030490259
100412,66,1,7,32609,1,1,0,1,0,1,7,7245,905.62,2613,215,5,0,4,0,0,1,0,0,14405.2,603.75,0.3606625258799172,7,0,0.030490259
100206,32,1,8,85770,3,2,0,1,0,0,5,5430,905.0,1958,321,4,0,1,1,0,1,0,0,29246.0,452.5,0.3605893186003683,5,0,0.030490259
100244,26,1,8,131735,1,1,0,1,0,1,5,4815,802.5,2008,60,5,0,0,1,0,0,0,0,42928.0,401.25,0.4170301142263759,7,0,0.030490259
100285,61,1,7,28014,0,3,0,1,0,0,8,8960,995.56,3481,328,1,0,4,0,1,1,0,0,13084.2,746.67,0.3885044642857143,2,0,0.030490259
100279,68,1,9,29633,1,2,0,1,0,1,7,6615,826.88,2064,273,3,0,4,0,0,1,0,0,12797.4,551.25,0.3120181405895691,5,0,0.030490259
100164,33,1,3,111304,3,6,0,1,0,1,7,5586,698.25,2045,314,2,0,1,1,0,1,0,0,36584.2,465.5,0.36609380594343,4,0,0.029694702
100332,66,0,4,68549,7,2,0,1,0,0,10,4570,415.45,2547,351,2,0,4,0,1,0,0,0,23249.7,380.83,0.5573304157549234,3,0,0.02938143
100193,29,0,5,18471,7,0,0,1,0,1,4,4680,936.0,2458,2,3,0,0,0,0,0,1,0,8481.3,390.0,0.5252136752136752,5,0,0.02938143
100040,27,0,5,147720,7,6,0,1,0,1,6,6690,955.71,4329,109,5,0,0,1,0,1,0,0,48661.0,557.5,0.647085201793722,7,0,0.02938143
100132,21,0,5,137354,5,5,0,1,0,1,4,1864,372.8,1289,99,2,0,0,1,0,0,0,0,42538.2,155.33,0.6915236051502146,4,0,0.02938143
100410,21,0,5,36226,5,3,0,1,0,1,6,3042,434.57,1368,217,2,0,0,0,0,0,0,0,12788.8,253.5,0.4497041420118343,4,0,0.02938143
100350,24,0,4,40982,7,7,0,1,0,1,7,2737,342.12,1280,339,3,0,0,0,0,0,0,0,14263.1,228.08,0.4676653270003653,5,0,0.02938143
100011,31,0,7,16703,6,7,0,1,0,0,4,4312,862.4,2976,20,3,0,1,0,0,0,1,0,7766.9,359.33,0.6901669758812616,4,0,0.02938143
100430,35,0,6,113268,6,4,0,1,0,0,6,3336,476.57,2114,334,4,0,1,1,0,0,0,0,36448.4,278.0,0.6336930455635491,5,0,0.02938143
100103,28,0,4,101393,4,1,0,1,0,1,4,3964,792.8,1961,149,4,0,0,1,0,0,0,0,33199.899999999994,330.33,0.4947023208879919,6,0,0.028822195
100189,59,0,0,37537,5,6,0,1,0,1,7,8379,1047.38,5051,167,1,0,3,0,0,1,0,0,15650.6,698.25,0.6028165652225803,3,0,0.02861395
100086,38,0,0,93537,6,0,0,1,0,1,6,3156,450.86,1609,178,1,0,1,1,0,0,0,0,29839.1,263.0,0.5098225602027884,3,0,0.02861395
100223,39,0,2,149084,6,7,0,1,0,1,7,8386,1048.25,4369,138,4,0,1,1,0,1,0,0,49718.2,698.83,0.5209873598855235,6,0,0.02861395
100261,38,1,5,139959,7,7,0,1,0,1,3,2274,568.5,1061,276,3,0,1,1,0,0,0,0,43724.7,189.5,0.4665787159190853,5,0,0.02847056
100301,40,1,9,43910,7,7,0,1,0,0,9,6777,677.7,3381,73,2,0,1,0,1,1,0,0,16961.5,564.75,0.4988933156263833,3,0,0.02847056
100369,53,1,9,68273,7,0,0,1,0,0,6,6372,910.29,3678,259,1,0,3,0,0,1,0,0,23867.9,531.0,0.5772128060263654,2,0,0.02847056
100198,44,1,5,44779,6,7,0,1,0,1,6,3846,549.43,2381,121,3,0,2,0,0,0,0,0,15956.7,320.5,0.6190847633905356,5,0,0.02847056
100429,26,1,8,62200,5,3,0,1,0,0,6,3042,434.57,1343,16,1,0,0,0,0,0,1,0,20381.0,253.5,0.4414858645627876,2,0,0.02847056
100327,53,0,4,22756,3,4,0,1,0,0,9,8964,896.4,4732,318,3,0,3,0,1,1,0,0,11908.8,747.0,0.5278893351182508,4,0,0.027999183
100117,29,0,7,44556,0,2,0,1,0,0,8,8992,999.11,4924,304,5,0,0,0,1,1,0,0,18862.8,749.33,0.5475978647686833,6,0,0.027999183
100133,55,0,4,100009,0,1,0,1,0,1,3,2277,569.25,1169,295,4,0,3,1,0,0,0,0,31941.2,189.75,0.5133948177426438,6,0,0.027999183
100196,62,1,5,13177,4,1,0,1,0,1,3,1467,366.75,841,326,1,0,4,0,0,0,0,0,4886.6,122.25,0.5732788002726653,3,0,0.027928168
100317,24,1,9,28456,4,7,0,1,0,0,7,4529,566.12,2829,260,2,0,0,0,0,0,0,0,11201.3,377.42,0.6246412011481564,3,0,0.027928168
100019,44,1,5,38017,4,0,0,1,0,1,1,501,250.5,134,201,2,0,2,0,0,0,0,0,12055.6,41.75,0.2674650698602794,4,0,0.027903644
100130,47,1,0,60320,5,4,0,1,0,1,4,2984,596.8,1375,46,2,0,2,0,0,0,0,0,19988.0,248.67,0.4607908847184986,4,0,0.027726196
100005,28,1,7,113757,1,3,0,1,0,0,3,3033,758.25,1615,68,3,0,0,1,0,0,0,0,36243.6,252.75,0.5324760962743159,4,0,0.027129969
100487,69,1,4,18548,3,2,0,1,0,1,7,7238,904.75,3288,96,1,0,4,0,0,1,0,0,9383.4,603.17,0.4542691351201989,3,0,0.027129969
100240,68,1,8,15654,2,3,0,1,0,0,6,4032,576.0,2328,304,3,0,4,0,0,0,0,0,7312.2,336.0,0.5773809523809523,4,0,0.027129969
100318,53,1,4,43367,2,7,0,1,0,1,3,3444,861.0,1907,228,5,0,3,0,0,0,0,0,15732.1,287.0,0.5537166085946573,7,0,0.027129969
100059,34,1,4,56738,0,2,0,1,0,0,5,4180,696.67,2228,145,2,0,1,0,0,0,0,0,19511.4,348.33,0.5330143540669856,3,0,0.027129969
100283,52,1,2,89231,2,0,0,0,0,0,6,4302,614.57,2827,42,5,0,3,1,0,0,0,0,29920.3,358.5,0.6571362157136216,5,0,0.026419686
100416,43,1,3,136865,2,7,0,1,0,1,3,2721,680.25,1196,266,2,0,2,1,0,0,0,0,42820.0,226.75,0.4395442851892686,4,0,0.026419686
100358,66,1,0,153826,3,3,0,1,0,1,4,1912,382.4,815,205,3,0,4,1,0,0,0,0,47703.8,159.33,0.426255230125523,5,0,0.026419686
100155,50,1,1,130516,2,6,0,1,0,0,4,4192,838.4,2418,255,4,0,2,1,0,0,0,0,42050.8,349.33,0.5768129770992366,5,0,0.026419686
100296,69,0,5,16358,5,5,0,1,0,1,5,5685,947.5,4968,218,5,0,4,0,0,1,0,0,8749.9,473.75,0.8738786279683377,7,0,0.026377846
100288,68,0,4,52390,5,6,0,1,0,1,3,2946,736.5,2477,135,2,0,4,0,0,0,0,0,17590.0,245.5,0.8408010862186015,4,0,0.026377846
100500,50,0,8,12163,6,1,0,1,0,1,3,1422,355.5,1069,342,5,0,2,0,0,0,0,0,5359.9,118.5,0.7517580872011251,7,0,0.026377846
100340,54,0,4,21686,7,1,0,1,0,0,4,2168,433.6,1682,86,4,0,3,0,0,0,0,0,8389.8,180.67,0.775830258302583,5,0,0.026377846
100144,29,0,5,59055,7,6,0,1,0,1,3,3039,759.75,2684,265,4,0,0,0,0,0,0,0,20036.0,253.25,0.8831852583086541,6,0,0.026377846
100038,23,0,7,76324,0,2,0,1,0,0,6,1866,266.57,1399,332,2,0,0,0,0,0,0,0,24230.2,155.5,0.7497320471596999,3,0,0.025622787
100338,47,0,9,162273,3,1,0,1,0,1,7,5054,631.75,4199,110,3,0,2,1,0,1,0,0,51808.9,421.17,0.8308270676691729,5,0,0.025622787
100120,54,0,4,55753,2,1,0,1,0,0,4,2688,537.6,2075,242,1,0,3,0,0,0,0,0,18269.9,224.0,0.7719494047619048,2,0,0.025622787
100383,52,0,8,47585,0,0,0,1,0,1,11,3443,286.92,3064,240,3,0,3,0,1,0,0,0,16597.0,286.92,0.8899215800174267,5,0,0.025622787
100480,57,1,5,43174,5,3,0,1,0,0,10,3870,351.82,3475,17,5,0,3,0,1,0,1,0,15887.2,322.5,0.8979328165374677,6,0,0.025557643
100243,29,1,6,149513,5,6,0,1,0,1,6,3810,544.29,3065,360,4,0,0,1,0,0,0,0,47558.9,317.5,0.8044619422572179,6,0,0.025557643
100148,62,1,4,20125,5,2,0,1,0,1,5,4935,822.5,4504,342,2,0,4,0,0,0,0,0,8905.0,411.25,0.9126646403242148,4,0,0.025557643
100311,22,1,4,66253,4,2,0,1,0,1,7,5040,630.0,3929,13,4,0,0,0,0,1,1,0,23195.9,420.0,0.7795634920634921,6,0,0.025557643
100476,23,0,2,108774,2,1,0,1,0,0,7,5782,722.75,5186,96,4,0,0,1,0,1,0,0,36323.2,481.83,0.8969214804565894,5,0,0.024950953
100145,35,0,0,31508,1,2,0,1,0,0,4,1568,313.6,1481,290,5,0,1,0,0,0,0,0,11236.4,130.67,0.9445153061224488,6,0,0.024950953
100142,59,1,0,174962,6,6,0,1,0,0,7,7098,887.25,6090,108,4,0,3,1,0,1,0,0,56837.6,591.5,0.8579881656804734,5,0,0.024887472
100234,44,1,0,166243,6,1,0,0,0,1,6,4086,583.71,3355,174,2,0,2,1,0,0,0,0,52315.9,340.5,0.8210964268232991,3,0,0.024887472
100462,21,1,6,53568,0,1,0,1,0,1,9,6732,673.2,6294,335,3,0,0,0,1,1,0,0,20036.4,561.0,0.9349376114081996,5,0,0.024825465
100083,41,1,5,143691,1,6,0,1,0,1,6,4122,588.86,3651,112,5,0,2,1,0,0,0,0,46168.3,343.5,0.8857350800582242,7,0,0.024825465
100251,46,1,4,164747,0,7,0,1,0,1,7,6160,770.0,5313,102,1,0,2,1,0,1,0,0,52704.1,513.33,0.8625,3,0,0.024825465
100115,48,1,7,34911,2,7,0,1,0,0,8,4576,508.44,3952,264,3,0,2,0,1,0,0,0,13361.3,381.33,0.8636363636363636,4,0,0.024825465
100048,29,0,5,137818,7,4,1,0,1,1,6,3582,511.71,1393,207,2,0,0,1,0,0,0,1,43536.4,298.5,0.3888888888888889,4,0,0.024556503
100363,44,1,7,60231,3,3,0,1,0,0,1,318,159.0,145,11,5,0,2,0,0,0,1,0,19228.3,26.5,0.4559748427672956,6,0,0.024109513
100377,62,0,9,31169,1,0,1,1,1,1,9,6624,662.4,1419,134,4,0,4,0,1,1,0,1,13462.7,552.0,0.2142210144927536,7,0,0.024086827
100055,64,0,4,73367,2,3,1,1,1,1,2,1692,564.0,537,215,3,0,4,0,0,0,0,1,23456.1,141.0,0.3173758865248227,6,0,0.024086827
100280,32,0,4,29014,1,5,1,1,1,1,12,4884,375.69,1357,188,2,0,1,0,1,0,0,1,11546.2,407.0,0.2778460278460278,5,0,0.024086827
100255,52,0,8,100204,2,3,1,1,1,1,3,1407,351.75,513,125,5,0,3,1,0,0,0,1,31764.7,117.25,0.3646055437100213,8,0,0.024086827
100013,56,0,3,168921,5,5,1,0,1,1,6,7140,1020.0,1444,100,1,0,3,1,0,1,0,1,54446.3,595.0,0.2022408963585434,3,0,0.023911951
100200,52,0,2,93889,6,7,1,1,1,1,7,2128,266.0,708,316,4,0,3,1,0,0,0,1,30030.7,177.33,0.3327067669172932,7,0,0.023911951
100262,60,1,5,88153,6,5,1,1,1,1,8,6624,736.0,2736,353,1,0,3,1,1,1,0,1,29957.9,552.0,0.4130434782608695,4,0,0.02379155
100276,69,1,7,93571,2,1,1,1,1,1,7,2310,288.75,555,275,3,0,4,1,0,0,0,1,29826.3,192.5,0.2402597402597402,6,0,0.023336153
100321,68,1,6,80008,4,5,1,1,1,1,2,2050,683.33,544,284,3,0,4,1,0,0,0,1,25627.4,170.83,0.2653658536585366,6,0,0.023336153
100281,25,1,7,92532,4,4,1,1,1,1,11,9713,809.42,2842,355,2,0,0,1,1,1,0,1,33016.1,809.42,0.2925975496756923,5,0,0.023336153
100313,36,1,7,123335,3,3,1,1,1,1,7,8393,1049.12,2579,333,2,0,1,1,0,1,0,1,41597.0,699.42,0.3072798760872155,5,0,0.023336153
100159,65,1,8,79203,4,1,1,1,1,1,8,7640,848.89,3115,358,1,0,4,0,1,1,0,1,27780.9,636.67,0.4077225130890052,4,0,0.023336153
100431,63,1,2,29347,5,2,1,1,1,1,7,3528,441.0,904,357,5,0,4,0,0,0,0,1,11568.1,294.0,0.2562358276643991,8,0,0.0231666
100065,26,0,7,123453,6,2,1,1,1,1,6,6372,910.29,3936,353,4,0,0,1,0,1,0,1,41021.9,531.0,0.6177024482109228,7,0,0.021835435
100396,63,0,4,147509,7,6,1,1,1,1,2,990,330.0,655,347,2,0,4,1,0,0,0,1,45147.7,82.5,0.6616161616161617,5,0,0.021835435
100143,47,0,2,91134,7,3,1,1,1,1,3,984,246.0,505,303,2,0,2,1,0,0,0,1,28232.2,82.0,0.5132113821138211,5,0,0.021260738
100219,57,0,0,48914,6,0,1,1,1,1,6,3732,533.14,1629,160,2,0,3,0,0,0,0,1,16940.199999999997,311.0,0.4364951768488746,5,0,0.021260738
100249,56,1,7,112102,7,5,1,0,1,1,8,6984,776.0,4149,21,5,0,3,1,1,1,1,1,38122.6,582.0,0.5940721649484536,7,0,0.021153407
100131,55,1,7,158649,7,4,1,1,1,1,8,7080,786.67,4179,87,5,0,3,1,1,1,0,1,52134.7,590.0,0.5902542372881356,8,0,0.021153407
100335,58,1,7,57113,6,2,1,1,1,1,9,8550,855.0,4793,112,2,0,3,0,1,1,0,1,21808.9,712.5,0.5605847953216374,5,0,0.021153407
100137,23,1,4,122448,3,0,1,1,1,1,8,5008,556.44,2697,16,3,0,0,1,1,1,1,1,39838.4,417.33,0.5385383386581469,6,0,0.020747425
100273,36,1,9,48041,0,2,1,1,1,1,7,7203,900.38,4678,293,2,0,1,0,0,1,0,1,18413.8,600.25,0.6494516173816466,5,0,0.020747425
100468,60,1,3,110723,5,0,1,1,1,1,5,2380,396.67,1624,36,3,0,3,1,0,0,0,1,35006.9,198.33,0.6823529411764706,6,0,0.020596283
100319,34,1,1,66624,5,2,1,1,1,1,8,5576,619.56,3188,180,3,0,1,0,1,1,0,1,23375.2,464.67,0.5717360114777619,6,0,0.020596283
100197,64,1,1,147832,6,4,1,1,1,1,8,7512,834.67,4624,69,5,0,4,1,1,1,0,1,49105.6,626.0,0.6155484558040468,8,0,0.020596283
100277,22,1,0,139556,5,3,1,0,1,1,10,6670,606.36,3918,206,1,0,0,1,1,1,0,1,45401.8,555.83,0.5874062968515742,3,0,0.020596283
100097,45,1,0,168683,1,6,1,0,1,1,7,4144,518.0,2337,81,4,0,2,1,0,0,0,1,53476.9,345.33,0.5639478764478765,6,0,0.020200782
100176,64,0,7,138969,5,3,1,1,1,0,10,8610,782.73,3433,152,3,0,4,1,1,1,0,0,46595.7,717.5,0.3987224157955865,5,0,0.01972875
100447,36,0,7,72545,7,2,1,1,1,0,3,1851,462.75,486,48,1,0,1,0,0,0,0,0,22889.0,154.25,0.2625607779578606,3,0,0.01972875
100024,41,0,4,54229,7,4,1,1,1,0,6,4872,696.0,1467,287,1,0,2,0,0,0,0,0,18904.7,406.0,0.3011083743842364,3,0,0.01972875
100250,39,0,9,71189,3,2,1,1,1,1,8,4424,491.56,3179,152,1,0,1,0,1,0,0,1,23768.7,368.67,0.7185804701627486,4,0,0.019587683
100435,64,0,5,140955,1,2,1,1,1,1,7,4956,619.5,3892,48,3,0,4,1,0,0,0,1,45364.5,413.0,0.7853107344632768,6,0,0.019587683
100210,69,0,6,36596,1,4,1,1,1,1,4,4024,804.8,2947,300,2,0,4,0,0,0,0,1,13390.8,335.33,0.7323558648111332,5,0,0.019587683
100229,52,0,5,174082,3,1,1,1,1,1,10,8740,794.55,8059,68,5,0,3,1,1,1,0,1,57594.6,728.33,0.9220823798627004,8,0,0.019587683
100418,48,0,5,76309,0,1,1,1,1,1,11,10142,845.17,7274,128,1,0,2,0,1,1,0,1,28163.7,845.17,0.7172155393413527,4,0,0.019587683
100309,66,0,7,88329,1,4,1,1,1,1,7,6237,779.62,5802,120,2,0,4,1,0,1,0,1,30017.2,519.75,0.9302549302549302,5,0,0.019587683
100320,41,0,7,153178,1,3,1,1,1,1,6,5292,756.0,3964,10,1,0,2,1,0,1,1,1,48799.4,441.0,0.7490551776266062,4,0,0.019587683
100135,67,0,9,36089,0,3,1,1,1,1,7,4221,527.62,3570,192,1,0,4,0,0,0,0,1,13137.2,351.75,0.845771144278607,4,0,0.019587683
100376,45,0,4,21715,2,4,1,1,1,1,9,5616,561.6,4814,107,3,0,2,0,1,1,0,1,9922.5,468.0,0.8571937321937322,6,0,0.019587683
100042,29,1,5,108059,6,6,1,1,1,0,7,4067,508.38,1691,168,1,0,0,1,0,0,0,0,34651.2,338.92,0.4157855913449717,3,0,0.019111237
100314,61,1,9,124356,6,7,1,1,1,1,9,7029,702.9,5928,257,1,0,4,1,1,1,0,1,41021.3,585.75,0.8433632095603927,4,0,0.0189745
100379,23,1,4,159235,6,0,1,1,1,1,8,3752,416.89,3376,352,3,0,0,1,1,0,0,1,50246.5,312.67,0.8997867803837953,6,0,0.0189745
100450,50,1,7,109033,4,3,1,1,1,1,11,9416,784.67,7738,36,4,0,2,1,1,1,0,1,38217.9,784.67,0.8217926932880204,7,0,0.0189745
100444,67,1,9,129407,6,7,1,1,1,1,6,6138,876.86,4804,240,4,0,4,1,0,1,0,1,42691.1,511.5,0.7826653633105246,7,0,0.0189745
100214,69,1,4,99163,1,3,1,1,1,1,5,4465,744.17,3599,303,3,0,4,1,0,0,0,1,32581.4,372.08,0.806047032474804,6,0,0.0189745
100050,22,1,8,79649,6,7,1,1,1,1,3,2607,651.75,2326,70,3,0,0,0,0,0,0,1,25798.2,217.25,0.8922132719601074,6,0,0.0189745
100039,57,1,5,137932,4,5,1,1,1,0,7,4900,612.5,981,341,4,0,3,1,0,0,0,0,44629.6,408.33,0.200204081632653,6,0,0.018743707
100185,47,1,0,165515,6,1,1,1,1,0,5,5830,971.67,2161,120,3,0,2,1,0,1,0,0,53169.5,485.83,0.3706689536878216,5,0,0.018606884
100388,47,1,2,50067,7,0,1,1,1,0,5,3450,575.0,1011,214,3,0,2,0,0,0,0,0,17345.1,287.5,0.2930434782608695,5,0,0.018606884
100324,27,1,2,128492,6,6,1,1,1,0,6,3120,445.71,759,155,2,0,0,1,0,0,0,0,40507.6,260.0,0.2432692307692307,4,0,0.018606884
100287,39,1,3,176827,7,0,1,1,1,1,6,3426,489.43,3146,309,4,0,1,1,0,0,0,1,55561.1,285.5,0.9182720373613544,7,0,0.018473689
100337,28,1,0,148321,0,1,1,1,1,1,6,3156,450.86,2256,131,2,0,0,1,0,0,0,1,46474.3,263.0,0.714828897338403,5,0,0.018473689
100160,35,1,2,16114,3,3,1,1,1,1,4,1272,254.4,1077,96,5,0,1,0,0,0,0,1,6470.2,106.0,0.8466981132075472,8,0,0.018473689
100114,61,1,0,51062,2,4,1,1,1,1,4,2892,578.4,2245,34,5,0,4,0,0,0,0,1,17764.6,241.0,0.7762793914246197,8,0,0.018473689
100021,50,0,0,155273,1,1,1,1,1,0,11,7095,591.25,2651,208,4,0,2,1,1,1,0,0,50929.4,591.25,0.3736434108527132,6,0,0.01829573
100161,63,0,3,48321,0,1,1,1,1,0,7,7294,911.75,3009,227,3,0,4,0,0,1,0,0,18743.3,607.83,0.4125308472717301,5,0,0.01829573
100304,45,1,9,121847,1,6,1,1,1,0,12,12720,978.46,5055,154,1,0,2,1,1,1,0,0,43114.1,1060.0,0.3974056603773584,3,0,0.018203087
100154,24,1,8,170280,2,2,1,1,1,0,7,6636,829.5,2223,207,3,0,0,1,0,1,0,0,55002.0,553.0,0.3349909584086799,5,0,0.018203087
100302,55,1,2,138888,1,1,1,1,1,0,11,9570,797.5,3135,361,2,0,3,1,1,1,0,0,46851.4,797.5,0.3275862068965517,4,0,0.017722258
100292,44,0,9,170285,5,4,1,1,1,0,7,3885,485.62,2210,273,2,0,2,1,0,0,0,0,53428.0,323.75,0.5688545688545689,4,0,0.017533017
100370,41,0,5,103878,5,7,1,1,1,0,7,6825,853.12,4355,3,5,0,2,1,0,1,1,0,35575.899999999994,568.75,0.638095238095238,7,0,0.017533017
100315,56,0,8,122944,7,0,1,1,1,0,7,4529,566.12,1954,89,2,0,3,1,0,0,0,0,39547.7,377.42,0.431441819386178,4,0,0.017533017
100290,23,0,8,103658,4,5,1,1,1,0,13,14820,1058.57,6604,28,2,0,0,1,1,1,1,0,38907.4,1235.0,0.4456140350877193,4,0,0.017195314
100455,46,0,8,172866,4,5,1,1,1,0,5,5000,833.33,3307,255,2,0,2,1,0,1,0,0,54759.8,416.67,0.6614,4,0,0.017195314
100275,68,0,0,77681,6,6,1,1,1,0,8,5728,636.44,3000,201,4,0,4,0,1,1,0,0,26968.3,477.33,0.5237430167597765,6,0,0.01706959
100178,50,0,2,152180,6,3,1,1,1,0,9,3519,351.9,1889,111,4,0,2,1,1,0,0,0,48213.5,293.25,0.5368002273373117,6,0,0.01706959
100179,31,1,7,47643,7,5,1,1,1,0,5,4495,749.17,2382,116,5,0,1,0,0,0,0,0,17540.4,374.58,0.5299221357063404,7,0,0.016983049
100360,55,1,9,110540,7,1,1,1,1,0,8,3472,385.78,1551,182,1,0,3,1,1,0,0,0,35098.0,289.33,0.4467165898617511,3,0,0.016983049
100474,42,0,4,83229,3,6,1,1,1,0,9,6651,665.1,3275,101,1,0,2,1,1,1,0,0,28494.2,554.25,0.4924071568185235,3,0,0.01669858
100077,68,0,4,21847,3,7,1,1,1,0,6,6978,996.86,3478,226,2,0,4,0,0,1,0,0,10443.1,581.5,0.4984236170822585,4,0,0.01669858
100081,43,0,7,95310,1,2,1,1,1,0,17,6256,347.56,3072,62,2,0,2,1,1,1,0,0,32121.0,521.33,0.4910485933503836,4,0,0.01669858
100306,45,0,4,50467,3,2,1,1,1,0,9,2907,290.7,1478,34,2,0,2,0,1,0,0,0,16993.6,242.25,0.5084279325765394,4,0,0.01669858
100438,59,1,7,23871,4,2,1,1,1,0,8,8136,904.0,5451,111,2,0,3,0,1,1,0,0,11629.3,678.0,0.6699852507374632,4,0,0.016655736
100256,27,1,9,166741,4,6,1,1,1,0,3,2967,741.75,1457,258,5,0,0,1,0,0,0,0,52505.8,247.25,0.4910684192787327,7,0,0.016655736
100312,55,1,3,24323,7,5,1,1,1,0,8,4096,455.11,1860,69,2,0,3,0,1,0,0,0,9744.9,341.33,0.4541015625,4,0,0.01653389
100253,39,1,0,54668,6,3,1,1,1,0,6,6336,905.14,2755,361,2,0,1,0,0,1,0,0,19968.4,528.0,0.4348169191919191,4,0,0.01653389
100057,67,1,2,133750,5,5,1,0,1,0,7,5411,676.38,3263,102,2,0,4,1,0,1,0,0,43230.5,450.92,0.6030308630567363,3,0,0.01653389
100067,24,1,0,149348,6,0,1,1,1,0,9,4311,431.1,2612,110,3,0,0,1,1,0,0,0,47559.9,359.25,0.6058919044305265,5,0,0.01653389
100001,59,0,0,71321,0,0,1,1,1,0,5,5145,857.5,2167,166,2,0,3,0,0,1,0,0,24368.8,428.75,0.4211856171039844,4,0,0.016256828
100166,27,1,6,29772,0,7,1,1,1,0,7,6552,819.0,3321,5,2,0,0,0,0,1,1,0,12607.6,546.0,0.5068681318681318,4,0,0.01617434
100414,34,1,7,116211,0,1,1,1,1,0,4,3812,762.4,2028,15,2,0,1,1,0,0,1,0,37169.3,317.67,0.5320041972717734,4,0,0.01617434
100186,33,1,5,91973,1,4,1,1,1,0,3,3576,894.0,2281,70,5,0,1,1,0,0,0,0,30379.9,298.0,0.6378635346756152,7,0,0.01617434
100047,34,1,8,113520,2,5,1,1,1,0,7,3969,496.12,1744,121,1,0,1,1,0,0,0,0,36240.5,330.75,0.4394053917863442,3,0,0.01617434
100426,42,1,2,23138,0,0,1,1,1,0,10,3040,276.36,1733,50,5,0,2,0,1,0,0,0,9461.4,253.33,0.5700657894736842,7,0,0.015746249
100371,52,0,9,16895,4,7,1,1,1,0,7,8183,1022.88,7284,84,5,0,3,0,0,1,0,0,10160.0,681.92,0.8901380911646095,7,0,0.015721038
100007,59,0,7,51063,6,7,1,1,1,0,9,9144,914.4,7817,271,3,0,3,0,1,1,0,0,20490.9,762.0,0.8548775153105862,5,0,0.015721038
100478,46,0,3,39605,7,5,1,1,1,0,7,7875,984.38,6677,322,3,0,2,0,0,1,0,0,16419.0,656.25,0.8478730158730159,5,0,0.0153047675
100299,58,0,3,136457,6,6,1,1,1,0,2,960,320.0,762,3,2,0,3,1,0,0,1,0,41817.1,80.0,0.79375,4,0,0.0153047675
100442,52,0,4,47262,1,7,1,1,1,0,5,5330,888.33,5009,38,4,0,3,0,0,1,0,0,17643.6,444.17,0.9397748592870544,6,0,0.015266253
100107,28,1,7,68503,5,1,1,1,1,0,3,3099,774.75,2621,172,1,0,0,0,0,0,0,0,22300.4,258.25,0.845756695708293,3,0,0.015227021
100028,64,1,7,96878,6,1,1,1,1,0,6,7020,1002.86,6553,172,3,0,4,1,0,1,0,0,33173.399999999994,585.0,0.9334757834757836,5,0,0.015227021
100298,56,1,5,106018,4,3,1,1,1,0,8,6816,757.33,5473,136,4,0,3,1,1,1,0,0,36013.399999999994,568.0,0.8029636150234741,6,0,0.015227021
100484,48,1,9,82017,5,2,1,1,1,0,3,2328,582.0,1904,128,5,0,2,1,0,0,0,0,26769.1,194.0,0.8178694158075601,7,0,0.015227021
100443,50,1,5,90213,6,2,1,1,1,0,5,3870,645.0,2899,357,3,0,2,1,0,0,0,0,29598.9,322.5,0.7490956072351421,5,0,0.015227021
100490,25,1,7,36022,7,3,1,1,1,0,10,9930,902.73,8327,180,2,0,0,0,1,1,0,0,16171.6,827.5,0.8385699899295066,4,0,0.015227021
100127,64,0,0,25669,1,3,1,1,1,0,5,2375,395.83,1793,352,4,0,4,0,0,0,0,0,9688.2,197.92,0.7549473684210526,6,0,0.014861828
100168,48,0,3,15712,1,7,1,1,1,0,6,5232,747.43,4220,243,4,0,2,0,0,1,0,0,8129.599999999999,436.0,0.8065749235474006,6,0,0.014861828
100348,68,0,2,80910,3,1,1,1,1,0,8,7904,878.22,5785,24,2,0,4,1,1,1,1,0,28625.0,658.67,0.7319078947368421,4,0,0.014861828
100424,45,1,0,157788,6,0,1,1,1,0,8,2800,311.11,2306,320,1,0,2,1,1,0,0,0,48936.4,233.33,0.8235714285714286,3,0,0.014823625
100072,54,1,0,119803,6,5,1,1,1,0,6,2520,360.0,2163,68,1,0,3,1,0,0,0,0,37400.9,210.0,0.8583333333333333,3,0,0.014823625
100018,22,1,2,38958,7,1,1,1,1,0,9,7416,741.6,5742,363,5,0,0,0,1,1,0,0,16395.4,618.0,0.7742718446601942,7,0,0.014823625
100075,34,1,8,27563,2,3,1,1,1,0,2,1110,370.0,891,219,1,0,1,0,0,0,0,0,9023.9,92.5,0.8027027027027027,3,0,0.014786311
100060,37,1,9,45397,3,6,1,1,1,0,11,5863,488.58,4608,57,4,0,1,0,1,1,0,0,17350.6,488.58,0.7859457615555177,6,0,0.014786311
100153,52,1,1,123279,2,3,1,1,1,0,6,6504,929.14,6159,151,4,0,3,1,0,1,0,0,41035.7,542.0,0.9469557195571956,6,0,0.014394419
100096,21,1,1,45997,3,6,1,1,1,0,10,11980,1089.09,10319,246,3,0,0,0,1,1,0,0,20389.1,998.33,0.8613522537562605,5,0,0.014394419
100004,63,0,5,37963,7,5,1,1,0,1,5,3815,635.83,1569,343,3,0,4,0,0,0,0,0,13896.4,317.92,0.4112712975098296,5,0,0.009612534
100222,21,0,5,58413,6,0,1,1,0,1,3,3462,865.5,1180,267,5,0,0,0,0,0,0,0,20254.9,288.5,0.340843443096476,7,0,0.009612534
100014,60,0,0,174932,7,3,1,1,0,1,4,3384,676.8,1306,252,5,0,3,1,0,0,0,0,55171.6,282.0,0.3859338061465721,7,0,0.0093564605
100341,41,0,2,65363,6,7,1,1,0,0,9,7461,746.1,1718,275,1,0,2,0,1,1,0,0,23539.4,621.75,0.2302640396729661,2,0,0.0093564605
100147,46,1,4,122169,4,6,1,1,0,1,5,5835,972.5,2186,165,1,0,2,1,0,1,0,0,39768.2,486.25,0.3746358183376178,3,0,0.009127884
100408,65,1,0,90222,5,2,1,1,0,0,5,5335,889.17,1517,83,2,0,4,1,0,1,0,0,30134.1,444.58,0.284348641049672,3,0,0.009060602
100225,64,1,0,69716,7,2,1,1,0,1,7,6300,787.5,2506,248,5,0,4,0,0,1,0,0,25064.8,525.0,0.3977777777777778,7,0,0.009060602
100006,41,1,7,111259,3,4,1,1,0,1,6,6162,880.29,2023,221,1,0,2,1,0,1,0,0,36658.7,513.5,0.3283024991885751,3,0,0.008862111
100191,28,1,0,119522,3,3,1,1,0,1,6,6648,949.71,2106,151,5,0,0,1,0,1,0,0,40180.6,554.0,0.3167870036101083,7,0,0.008625854
100381,66,0,6,17782,5,5,1,0,0,0,9,7704,770.4,4077,277,2,0,4,0,1,1,0,0,9586.6,642.0,0.5292056074766355,2,0,0.008532895
100095,65,0,5,76178,7,2,1,1,0,0,6,6048,864.0,4185,306,3,0,4,0,0,1,0,0,26477.4,504.0,0.6919642857142857,4,0,0.008532895
100411,28,0,5,18721,7,5,1,1,0,0,9,3870,387.0,1858,360,2,0,0,0,1,0,0,0,7951.3,322.5,0.4801033591731266,3,0,0.008532895
100380,60,0,2,131264,7,3,1,1,0,0,8,5392,599.11,3736,155,5,0,3,1,1,1,0,0,43075.2,449.33,0.6928783382789317,6,0,0.008305341
100129,42,1,4,122677,7,1,1,1,0,0,11,5610,467.5,3350,62,4,0,2,1,1,1,0,0,40408.1,467.5,0.5971479500891266,5,0,0.008262861
100466,68,1,5,35312,5,2,1,1,0,0,5,5090,848.33,3566,67,2,0,4,0,0,1,0,0,13538.6,424.17,0.7005893909626719,3,0,0.008262861
100025,53,1,7,98652,6,7,1,1,0,0,6,3708,529.71,2044,256,1,0,3,1,0,0,0,0,31649.6,309.0,0.5512405609492989,2,0,0.008262861
100347,25,0,1,22526,4,1,1,1,0,0,7,6657,832.12,4599,112,5,0,0,0,0,1,0,0,11086.3,554.75,0.6908517350157729,6,0,0.008143894
100118,28,0,4,140335,3,4,1,1,0,1,8,6552,728.0,3621,183,5,0,0,1,1,1,0,0,46376.5,546.0,0.5526556776556777,7,0,0.008123261
100252,23,0,4,83031,2,2,1,1,0,1,4,2788,557.6,1594,95,2,0,0,1,0,0,0,0,26703.3,232.33,0.5717360114777619,4,0,0.008123261
100111,25,1,9,21110,4,7,1,1,0,0,11,7909,659.08,3625,350,2,0,0,0,1,1,0,0,10687.5,659.08,0.4583386015931218,3,0,0.008102233
100384,67,0,2,42682,3,7,1,1,0,1,7,7294,911.75,4031,13,5,0,4,0,0,1,1,0,17451.6,607.83,0.5526460104195229,7,0,0.007906544
100393,60,1,5,102517,3,4,1,1,0,1,7,5943,742.88,3442,37,3,0,3,1,0,1,0,0,34326.6,495.25,0.5791687699814908,5,0,0.007866086
100467,45,1,0,177243,0,4,1,1,0,0,4,4620,924.0,3035,304,3,0,2,1,0,0,0,0,56082.9,385.0,0.6569264069264069,4,0,0.0076561775
100494,46,1,0,165812,2,4,1,1,0,0,7,3808,476.0,2245,337,4,0,2,1,0,0,0,0,52447.6,317.33,0.5895483193277311,5,0,0.0076561775
100194,57,1,0,178703,0,3,1,1,0,0,2,1834,611.33,933,152,4,0,3,1,0,0,0,0,55327.9,152.83,0.5087241003271538,5,0,0.0076561775
100398,59,0,4,110864,6,1,1,1,0,1,6,3594,513.43,2592,316,2,0,3,1,0,0,0,0,35456.2,299.5,0.7212020033388982,4,0,0.00764382
100345,67,0,6,54828,6,1,1,1,0,0,3,2010,502.5,1676,355,5,0,4,0,0,0,0,0,18453.4,167.5,0.8338308457711443,6,0,0.00764382
100333,50,0,1,177575,7,3,1,1,0,1,8,7272,808.0,5619,143,1,0,2,1,1,1,0,0,57108.5,606.0,0.7726897689768977,3,0,0.0074397973
100419,54,0,0,41984,7,2,1,1,0,0,9,6777,677.7,5039,211,2,0,3,0,1,1,0,0,16383.7,564.75,0.7435443411539029,3,0,0.0074397973
100017,42,0,7,55585,2,7,1,1,0,1,3,1392,348.0,1030,173,4,0,2,0,0,0,0,0,18171.5,116.0,0.7399425287356322,6,0,0.0074209333
100156,57,1,3,168995,7,3,1,1,0,0,9,5868,586.8,4907,353,5,0,3,1,1,1,0,0,54632.5,489.0,0.8362304021813224,6,0,0.0072041037
100357,49,1,5,163175,1,3,1,1,0,0,3,1989,497.25,1708,33,4,0,2,1,0,0,0,0,50747.0,165.75,0.8587229763700351,5,0,0.0071858335
100094,35,1,9,152272,1,4,1,1,0,1,8,5584,620.44,4875,237,3,0,1,1,1,1,0,0,49073.6,465.33,0.8730300859598854,5,0,0.0071858335
100258,53,1,3,152507,2,0,1,1,0,0,13,10530,752.14,7827,236,3,0,3,1,1,1,0,0,51617.1,877.5,0.7433048433048433,4,0,0.0069939494
100202,44,1,0,154628,2,6,1,1,0,1,2,2222,740.67,1795,93,4,0,2,1,0,0,0,0,48299.4,185.17,0.8078307830783078,6,0,0.0069939494
100122,68,1,0,133863,0,3,1,1,0,1,7,6559,819.88,4611,168,1,0,4,1,0,1,0,0,43638.4,546.58,0.7030035066321085,3,0,0.0069939494
100045,24,1,2,113459,4,1,1,1,0,1,1,677,338.5,497,79,4,0,0,1,0,0,0,0,35176.2,56.42,0.7341211225997046,6,0,0.006387489
