CustomerID,Age,Gender,Occupation,MonthlyIncome,Region,Branch,FCYAccount,ETBAccount,MobileBanking,InternetBanking,RemittanceCount,TotalRemittanceUSD,AverageTransactionUSD,FCYPurchaseUSD,LastTransactionDays,ExistingProducts
100330,-0.2504024904410549,1,4,1.2598022832813434,5,1,0,1,1,1,1.199557935024845,-0.4849443196788289,-1.3499629205337722,-0.35147346141439645,-0.051565549355305114,-0.7616231911545324
100149,-0.890636130773297,1,8,-0.981269538911035,6,4,0,1,1,0,0.07847575275863472,-0.32680024466315405,-0.5126900779868311,0.5583223815708305,1.315401351393593,-0.7616231911545324
100045,-1.530869771105539,1,2,0.35727030392832637,4,1,1,1,0,1,-2.163688611773786,-1.7198140118225023,-1.453511937760091,-1.30002859765288,-0.941030313541232,0.6520625464872909
100036,1.5280242882596176,1,5,-1.0409716906168822,0,4,0,1,1,0,-1.4163004902629792,-1.1743478050899503,-0.5854230497778731,-0.5211763129556822,0.8659875758049141,-0.7616231911545324
100112,1.172338932519483,1,0,-0.09951153418312418,5,6,0,1,1,1,0.07847575275863472,-0.7873995364345757,-1.1965043426889361,-1.151800489670831,1.6524616830851022,1.3589054153082025
100275,1.5991613594076444,0,0,-0.37499695137911504,6,6,1,1,1,0,0.4521698135140382,0.1685683118280259,-0.13055335317992714,0.010978307926868387,0.20122969941332672,0.6520625464872909
100488,0.31869407874316025,1,4,0.6749586134168977,1,5,0,1,1,1,0.4521698135140382,0.5723404182510254,0.40228893100353136,0.01569227602523744,-1.6713276988728352,-0.7616231911545324
100140,0.034145794151052684,0,7,1.5908555242282343,4,2,0,1,1,0,-1.4163004902629792,-0.9264765953136089,0.15056535525052891,-0.9925731227925874,0.13569019047331107,1.3589054153082025
100279,1.5991613594076444,1,9,-1.3583939294944916,1,2,0,1,0,1,0.07847575275863472,0.5001848473809893,0.7150673518192212,-0.47927437430351294,0.875350362796345,-0.054780322333620735
100157,-0.179265419293028,1,5,0.6148471223095704,4,7,0,1,0,0,-0.6689123687521722,-0.9186254710220506,-0.8696056013423843,-1.242413432006147,-0.3605375200725218,0.6520625464872909
100106,-0.6060878461811894,0,2,0.7373624051725126,5,4,0,1,1,0,0.4521698135140382,0.4407406206020478,0.22862674988340576,-0.2032453534323474,0.13569019047331107,-1.468466059975444
100318,0.532105292187241,1,4,-1.0773005624982257,2,7,0,1,0,1,-1.4163004902629792,-0.6853349206443176,0.8665721746220513,-0.5615069289083953,0.4540249481819586,1.3589054153082025
100128,1.0300647902234292,0,8,0.8267621304557287,0,0,0,1,1,1,0.8258638742694416,1.1193020772295885,0.7160442293402244,1.0695260331272964,1.6711872570679638,-0.7616231911545324
100131,0.6743794344832947,1,7,1.2821726815722214,7,4,1,1,1,1,0.4521698135140382,0.6740311709797808,0.5365207830940805,0.628508128813214,-0.8661280176097855,1.3589054153082025
100334,0.8877906479273754,0,4,-0.20894842316878265,0,3,0,1,0,0,0.4521698135140382,0.5783222272350699,0.4101927582189192,-0.1534868012828963,1.0532433156335304,1.3589054153082025
100142,0.9589277190754023,1,0,1.6160503643893238,6,6,0,1,0,0,0.07847575275863472,0.6807607060868308,0.9831314242871828,1.6294406883669093,-0.6695094907897385,0.6520625464872909
100202,-0.10812834814500111,1,0,1.199874994904682,2,6,1,1,0,1,-1.7899945510183826,-1.1421955818007115,0.3322645741570881,-0.6201696430214324,-0.8099512956612006,0.6520625464872909
100078,-0.7483619884772431,0,5,-1.1839744105238947,1,2,0,0,1,1,2.694334178046459,3.7793377598218494,1.598031420234894,3.1557188037721775,0.1544157644561727,0.6520625464872909
100401,0.034145794151052684,1,5,0.07091692562304343,5,2,0,1,1,0,0.07847575275863472,0.7121652032530641,1.0297551241532354,1.022910126376758,-0.6414211298154461,-1.468466059975444
100171,1.3857501459635637,1,4,0.15826995389885984,4,3,0,1,1,0,1.199557935024845,1.1077123223230025,0.3696523410972944,1.2659413705593403,-0.48225375096112233,0.6520625464872909
100015,-0.10812834814500111,0,9,-1.0728387630220946,4,6,0,1,1,1,-1.0426064295075756,-0.3279218338476624,0.9509388696177655,0.5038498613230104,-0.9597558875240936,1.3589054153082025
100433,0.532105292187241,1,4,-1.0679880911145574,1,2,0,1,1,1,-0.29521830799676874,-1.2775340100647168,-1.7767251866410405,-1.0988992921224672,-0.697597851764031,-0.054780322333620735
100483,-0.81949905962527,0,2,-0.3019094012448741,4,3,0,1,1,0,-0.29521830799676874,-1.2842635451717668,-1.7881368922273029,-1.1690850393648509,-1.044020970446971,-0.7616231911545324
100273,-0.6772249173292163,1,9,-0.9816379443723668,0,2,1,1,1,1,0.07847575275863472,0.7200163275446224,1.0414332508815896,0.8898714711561204,1.0626061026249611,-0.7616231911545324
100075,-0.81949905962527,1,8,-1.400760557547664,2,3,1,1,1,0,-1.7899945510183826,-1.5579313061917999,-1.313640838161933,-1.0936615497909459,0.3697598652590813,-1.468466059975444
100397,1.5991613594076444,0,7,-0.45178902309674934,5,0,0,1,1,0,1.199557935024845,1.9675973637793904,1.2980856177632885,-0.4038508847296081,0.4914760961476818,0.6520625464872909
100400,1.172338932519483,1,0,-1.2041548430168552,0,4,0,1,1,0,-0.29521830799676874,-0.07519040427178493,0.26330590187901226,0.098972379096424,0.9315270847449298,-0.054780322333620735
100150,0.4609682210392141,1,4,0.39718089557261926,6,0,0,1,1,1,0.4521698135140382,1.0837850863868248,1.0772224909692454,-0.39023275466765306,-0.25754686316678294,1.3589054153082025
100190,-1.3885956288094852,0,5,-0.13154234234892848,3,6,0,1,1,1,0.4521698135140382,-0.5462578617652843,-1.0738618102793767,-0.8558680479398849,1.1094200375821153,-0.7616231911545324
100435,1.314613074815537,0,5,0.92003011308293,1,2,1,1,1,1,0.07847575275863472,-0.1200539716521182,-0.20577292229715893,0.47818492389855655,-1.231276710275587,-0.054780322333620735
100079,-1.2463214865134313,1,8,-0.08866404004390611,0,1,0,0,1,1,0.07847575275863472,-0.38175811470406235,-0.5943037545142641,0.22782084045184475,0.6412806880105748,-0.054780322333620735
100331,-0.2504024904410549,1,0,0.8534715264022938,5,0,0,1,1,1,-1.0426064295075756,-1.1638796393678725,-1.0347867094392564,-1.2261764307784315,-0.987844248498386,-0.7616231911545324
100186,-0.890636130773297,1,5,-0.08248301508155921,1,4,1,1,1,0,-1.4163004902629792,-0.6359849965259509,1.0131038027725023,-0.3656153657095036,-1.0252953964641092,1.3589054153082025
100355,0.1764199364471065,1,0,1.5636139870597452,5,3,0,1,0,1,-1.4163004902629792,-1.5512017710847499,-1.704391846563136,-1.3859275718898272,1.6430988960936714,1.3589054153082025
100043,0.9589277190754023,0,9,0.2929630839558298,0,5,0,1,0,0,0.4521698135140382,-0.7436575582387508,-1.334377283721406,-0.9763361215648718,0.004611172593279737,0.6520625464872909
100113,0.9589277190754023,1,1,-1.4713306703628035,3,7,0,1,1,1,-1.4163004902629792,-0.7223473637330925,0.756673453509213,-0.8553442737067328,-1.437258024087065,1.3589054153082025
100122,1.5991613594076444,1,0,0.7748783613181479,0,3,1,1,0,1,0.07847575275863472,0.4792485159368338,0.6839848852418527,0.8547785975349286,-0.10774227130388997,-1.468466059975444
100358,1.4568872171115905,1,0,1.183460484905337,3,3,0,1,0,1,-1.0426064295075756,-1.2580931308665724,-1.2585804687963091,-1.1334683915105068,0.23868084737904996,-0.054780322333620735
100270,1.172338932519483,0,2,1.7094002148968213,4,7,0,0,0,1,-1.0426064295075756,-0.43260349106844004,0.7022791369988183,-0.9993821878235649,0.35103429127621966,-0.7616231911545324
100282,0.8166535767793486,0,6,-0.7142779142957525,0,6,0,1,1,0,-0.6689123687521722,0.15436151549092034,1.2543481469365634,-0.7385426197138107,-0.8099512956612006,-0.7616231911545324
100492,-0.6772249173292163,1,0,1.0767866368796681,2,2,0,1,0,0,0.8258638742694416,1.664394420900638,1.3634476046231263,2.7194148675564644,0.5195644571219742,1.3589054153082025
100124,-0.10812834814500111,1,2,0.7983130420528737,4,1,0,1,1,0,0.8258638742694416,0.9544284671068638,0.5202246899028032,-0.7107825853567485,-0.3418119460896602,0.6520625464872909
100153,0.4609682210392141,1,1,0.5582559500549705,2,3,1,1,1,0,-0.29521830799676874,0.4586860475541811,1.1691377849908917,1.6655811104544054,-0.2669096501582137,0.6520625464872909
100494,0.034145794151052684,1,0,1.4287775882122573,2,4,1,1,0,0,0.07847575275863472,-0.5492487662573066,-0.8429634871332113,-0.3844712381029798,1.4745687302479167,0.6520625464872909
100098,-1.3174585576614584,1,4,0.7218689088264973,3,6,0,1,1,0,-0.29521830799676874,-0.6449577100020175,-0.7034032122008271,-0.4321346933198224,-0.27627243714964456,-1.468466059975444
100482,0.24755700759513338,0,0,-0.15616410734794609,7,7,0,0,1,1,1.199557935024845,1.5974729328916408,0.8984539046256946,1.6042995251756076,-0.6788722777811693,-1.468466059975444
100266,-0.03699127699697421,1,8,0.89708663962998,2,3,0,1,0,0,1.199557935024845,-0.04004727649052386,-0.8696056013423843,-0.09639540986931555,-0.5103421119354148,-0.054780322333620735
100285,1.101201861371456,1,7,-1.3915299540442918,0,3,0,1,0,0,0.4521698135140382,1.376893726605002,1.4640659892864358,0.26291371407303654,1.3903036473250394,-1.468466059975444
100214,1.6702984305556714,1,4,0.06467449975047454,1,3,1,1,1,1,-0.6689123687521722,-0.30362073484998187,0.3478058074457723,0.32471907358498636,1.1562339725392692,-0.054780322333620735
100239,-1.0329102730693507,0,5,-0.4166472354796976,0,6,0,1,1,0,2.3206401172910556,-0.06285292324219327,-1.3361534246686841,0.4677094392355142,0.5851039660619899,0.6520625464872909
100294,-0.10812834814500111,1,4,-1.356470034307536,0,0,0,1,1,1,-0.6689123687521722,0.044071912347601036,1.0360604245160727,0.42737882328280125,-1.4934347460356496,-1.468466059975444
100211,0.8166535767793486,1,4,1.6423299539643352,2,4,0,1,1,0,0.4521698135140382,-0.05275862058161829,-0.4225953284361448,0.05445156927849408,-0.40735145502967585,-0.054780322333620735
100365,1.6702984305556714,1,4,-1.3354913899816898,1,1,0,1,1,0,-1.0426064295075756,-0.41914442085434006,0.7342496740498259,0.050785149646429266,0.7161829839420212,-1.468466059975444
100130,0.10528286529907958,1,0,-0.7303240188337656,5,4,0,1,0,1,-1.0426064295075756,-0.857311928935595,-0.30656892105519673,-0.8401548209453215,-1.2500022842584486,-0.7616231911545324
100051,-0.3926766327371087,1,6,-0.3956071902436294,7,7,0,1,1,1,1.199557935024845,1.0478942324825582,0.30508961766373166,0.7374531693088544,-1.5215231070099422,-1.468466059975444
100189,0.9589277190754023,0,0,-1.1966229980296246,5,6,0,1,0,1,0.07847575275863472,1.1596792878718887,1.6941650490063267,1.08523926012186,-0.11710505829532078,-1.468466059975444
100393,1.0300647902234292,1,5,0.1333207173786583,3,4,1,1,0,1,0.07847575275863472,0.248948870051123,0.3420777528908003,0.242486518980104,-1.3342673671813259,-0.054780322333620735
100326,-0.6060878461811894,1,7,-0.40295483250019404,2,4,0,1,1,0,-1.0426064295075756,-0.3324081905856957,0.9402820239340964,0.13458902695076796,-0.3699003070639526,0.6520625464872909
100088,-0.10812834814500111,0,3,-1.7135367942184763,6,2,0,1,1,0,-0.29521830799676874,0.10202068688053152,0.5640065642532108,0.502278538623554,0.6225551140277131,-1.468466059975444
100115,0.1764199364471065,1,7,-1.250369261443939,2,7,0,1,0,0,0.4521698135140382,-0.2621219350231736,-0.6989184563089498,0.5096113778876836,0.7910852798734677,-0.054780322333620735
100207,0.9589277190754023,0,4,1.515271003744966,3,3,0,1,1,0,0.07847575275863472,0.693845913239428,1.0025357641361972,-0.645310806212734,1.1655967595307,-0.054780322333620735
100228,-1.3885956288094852,1,2,1.238987374716089,3,0,0,1,1,1,0.4521698135140382,0.3928861487296923,0.16548493920766583,0.6080809337202815,-1.5215231070099422,-1.468466059975444
100179,-1.0329102730693507,1,7,-0.9897837984618174,7,5,1,1,1,0,-0.6689123687521722,-0.29240484300489855,0.3700075692867497,-0.3127141681611398,-0.594607194858292,1.3589054153082025
100291,-0.3926766327371087,1,4,-0.5323470173079989,4,3,0,1,0,0,-0.6689123687521722,-0.31857525731009295,0.31818865714990857,-0.7322573289159854,-1.1001976923955556,1.3589054153082025
100367,0.38983114989118717,1,6,1.2375137528707614,2,7,0,1,1,0,-0.6689123687521722,0.03846396642505938,1.024959543595584,0.9972451889523043,1.1000572505906845,1.3589054153082025
100457,0.034145794151052684,1,9,1.1490759751810231,5,0,0,1,1,1,-0.29521830799676874,0.3510134858413812,0.9864616885633294,-0.524842732587747,-0.6133327688411536,-0.054780322333620735
100180,0.1764199364471065,0,4,1.604466059327442,2,5,0,1,1,0,1.5732519957802487,-0.45952163149664,-1.4587071500308797,-0.9915255743262832,0.07951346852472621,1.3589054153082025
100209,-1.6020068422535658,0,0,-0.10825093040472063,2,1,0,1,1,1,1.199557935024845,1.4890526450558355,0.781406216200062,-0.06811160127910125,-1.1001976923955556,-1.468466059975444
100441,1.3857501459635637,0,6,-0.5915784287021444,4,5,0,1,1,1,-1.7899945510183826,-1.2708044749576668,-0.17691063190388828,-0.9553851522387871,1.5869221741450865,-0.7616231911545324
100264,-1.0329102730693507,0,5,-1.0766046855157099,0,5,0,1,1,0,-0.6689123687521722,-0.7765575076509952,-0.5883980858645639,-0.291239424601903,-0.060928336346735924,-0.054780322333620735
100372,-0.179265419293028,1,7,0.7360934530279248,5,1,0,1,1,1,-1.4163004902629792,-0.8748834928262256,0.3037575119532732,-1.1963212994887609,-0.2200957152010597,-0.054780322333620735
100118,-1.2463214865134313,0,4,0.9073405916370523,3,4,1,1,0,1,0.4521698135140382,0.4766314745063144,0.27600530965205144,0.3362421067143329,0.032699533567572166,1.3589054153082025
100210,1.6702984305556714,0,6,-1.215882416869255,1,4,1,1,1,1,-1.0426064295075756,-0.46849434497270664,0.6170243715294647,-0.016781726430193804,1.1281456115649768,-0.7616231911545324
100473,-1.4597326999575122,1,4,-0.5522204452498495,0,0,0,1,1,0,-1.0426064295075756,-0.842357406475484,-0.2710461021096328,-0.6945455841290329,0.6412806880105748,-1.468466059975444
100368,0.6743794344832947,1,4,0.7620660380518262,6,2,0,1,1,1,1.5732519957802487,-0.28268440340582635,-1.2836684596766135,-1.012476543652368,1.708638405033687,-0.054780322333620735
100484,0.1764199364471065,1,9,-0.2862521691382669,5,2,1,1,1,0,-1.4163004902629792,-1.102566097281417,-0.37228613610448974,-0.5630782516078516,-0.48225375096112233,1.3589054153082025
100158,0.9589277190754023,1,4,-1.1223688306011657,1,0,0,1,1,1,-1.0426064295075756,-0.5582214797333732,0.40388745785608127,-0.2655744871774493,1.5307454521965016,-0.7616231911545324
100284,-1.1751844153654045,0,7,-0.31959286338880694,6,7,0,1,1,0,-0.29521830799676874,0.08856161666643154,0.5411387495570041,-0.5573167350431784,-0.6788722777811693,1.3589054153082025
100070,0.034145794151052684,1,7,0.5086644815656773,0,2,0,1,1,1,-0.6689123687521722,-1.1354660466936615,-1.2988544647758422,-0.5447461534475275,-1.2031883493012947,1.3589054153082025
100346,0.532105292187241,1,4,-0.7245113993327507,2,0,0,1,1,0,-0.29521830799676874,0.6157085333853476,1.435558927082621,0.10630521836055365,1.0157921676678072,-1.468466059975444
100496,-0.3215395615890818,1,0,0.5961812456020857,5,2,0,1,1,1,-0.6689123687521722,-0.8363755974914395,-0.7067778800006557,-1.2282715277110399,-1.4278952370956342,-1.468466059975444
100072,0.6032423633352678,1,0,0.4871127620777592,6,5,1,1,1,0,-0.29521830799676874,-1.0307843894728839,-1.358044361843888,-0.42742072522145336,-1.044020970446971,-1.468466059975444
100068,0.24755700759513338,0,4,-0.0915498828243396,2,1,0,1,1,1,0.4521698135140382,1.071821468418736,1.0614592400621512,0.32890926745020327,-0.3886258810468142,-0.054780322333620735
100338,0.10528286529907958,0,9,1.3563449811203843,3,1,0,1,0,1,0.07847575275863472,-0.08341539162484603,-0.15137860578676424,0.6389836134762564,-0.6507839168068769,-0.054780322333620735
100192,0.10528286529907958,0,9,-1.2564888854960639,0,3,0,0,1,1,0.07847575275863472,0.937230766277736,1.3638916398599459,1.946847873657092,1.3715780733421779,-0.7616231911545324
100062,1.0300647902234292,1,2,-0.15628690916839005,7,3,0,1,1,1,-1.4163004902629792,-1.3560452529803,-1.124925862513625,-0.9758123473317196,0.8378992148306218,1.3589054153082025
100276,1.6702984305556714,1,7,-0.04977679690331305,2,1,1,1,1,1,0.07847575275863472,-1.109295632388467,-1.6744194680778164,-1.2696496921300573,0.8940759367792066,-0.054780322333620735
100196,1.172338932519483,1,5,-1.6951983890321756,4,1,0,1,0,1,-1.4163004902629792,-1.4244621932353083,-1.3280719833585684,-1.1198502614485517,1.3715780733421779,-1.468466059975444
100064,-1.6731439134015929,1,3,-0.15112923270974296,2,6,0,1,1,0,-0.29521830799676874,-1.109295632388467,-1.4912549328897526,-1.3021236945854884,-1.624513763915681,-0.7616231911545324
100241,-0.6772249173292163,1,9,-1.3356755927123558,1,3,0,1,1,0,0.07847575275863472,-0.3032468717884791,-0.47774450484913256,-0.9737172503991112,0.9877038066935147,1.3589054153082025
100152,1.6702984305556714,1,7,-1.6025444155071942,3,4,0,1,1,1,-1.4163004902629792,-1.5310131657636,-1.644447089592497,-1.3618339571648297,0.8285364278391909,-1.468466059975444
100448,-0.890636130773297,0,7,-0.902205633515187,0,3,0,1,1,1,0.4521698135140382,1.2991302098124244,1.3614050425337567,1.0166248355789327,-1.587062615949958,0.6520625464872909
100290,-1.6020068422535658,0,8,0.15667353023308814,4,5,1,1,1,0,2.3206401172910556,3.5677312670112773,1.7438525920064334,1.8986606442070972,-1.4185324501042031,-0.7616231911545324
100497,0.9589277190754023,1,7,-1.39075220918148,3,4,0,1,1,1,-0.29521830799676874,-0.7840347688810507,-0.9393635370467354,-0.5321755718518767,1.2030479074964233,-0.054780322333620735
100169,-1.6731439134015929,1,4,0.9913370368207333,5,7,0,0,1,0,0.4521698135140382,1.2004303615756913,1.2311695075745828,1.9971302000396953,-1.4840719590442188,-1.468466059975444
100092,1.101201861371456,1,3,1.5447025067113727,5,6,0,1,1,0,0.07847575275863472,-0.3582047418293874,-0.5593137778528837,0.29695903922792416,-1.4934347460356496,-0.054780322333620735
100243,-1.1751844153654045,1,6,1.0951864429761908,5,6,0,1,0,1,-0.29521830799676874,-0.548501040134301,-0.5397318239091418,0.04502363308175598,1.6899128310508253,0.6520625464872909
100404,-0.10812834814500111,1,7,-0.42714679112765774,2,7,0,1,0,0,0.07847575275863472,0.385035024438134,0.544113785643695,-0.5677922197062206,-0.6039699818497228,1.3589054153082025
100136,-0.81949905962527,1,8,-0.9725096757193645,4,3,0,1,1,0,-1.7899945510183826,-1.5751290070209276,-1.3817114399663697,-1.3843562491903707,-0.9316675265498012,-1.468466059975444
100303,1.5991613594076444,1,5,-0.5781725633036768,2,6,0,1,0,1,0.07847575275863472,1.0523805892205915,1.534845206035472,0.09687728216381554,-0.5758816208754304,0.6520625464872909
100288,1.5991613594076444,0,4,-0.8926270915205567,5,6,0,1,0,1,-1.4163004902629792,-0.8715187252727006,0.31374830478171306,-0.2629556160116887,-0.4167142420211067,-0.7616231911545324
100121,0.532105292187241,1,9,1.0548460449603438,2,5,0,1,0,0,0.4521698135140382,0.6201948901233809,0.4654751452029527,0.5640838981355037,-1.1750999883270021,1.3589054153082025
100206,-0.9617732019213239,1,8,-0.20943963045055858,3,2,0,1,0,0,-0.6689123687521722,0.05715711950019824,1.0619476788226527,-0.5347944430176373,1.3247641383850237,0.6520625464872909
100467,-0.03699127699697421,1,0,1.6627355231281096,0,4,1,1,0,0,-1.0426064295075756,-0.24567196031705138,1.146314373818367,0.029310406087192476,1.1655967595307,-0.054780322333620735
100399,0.24755700759513338,1,4,1.2156959627718813,0,0,0,1,1,1,-0.29521830799676874,0.525981398624681,1.2833436479008797,0.23724877664858285,-0.5197048989268456,1.3589054153082025
100185,0.10528286529907958,1,0,1.4226988981002804,6,1,1,1,1,0,-0.6689123687521722,0.20670234410130917,1.3579859712102456,-0.4284682736877576,-0.5571560468925688,-0.054780322333620735
100166,-1.3174585576614584,1,6,-1.3555490206542062,0,7,1,1,1,0,0.07847575275863472,0.4766314745063144,0.6800773751578408,0.17910983676869788,-1.6338765509071118,-0.7616231911545324
100076,0.38983114989118717,1,1,0.1703045323023697,0,6,0,1,1,0,-0.6689123687521722,0.017901498042406625,0.9842415123792316,0.3760489484338938,-1.1470116273527098,-1.468466059975444
100050,-1.6731439134015929,1,8,-0.3347179542734902,6,7,1,1,1,1,-1.4163004902629792,-0.9982583031221421,-0.06257155842285447,-0.34204552521765835,-1.0252953964641092,-0.054780322333620735
100133,0.6743794344832947,0,4,0.08198955643307546,0,1,0,1,0,1,-1.4163004902629792,-1.1216331134180586,-0.42890062879898216,-0.9480523129746574,1.0813316766078227,0.6520625464872909
100107,-1.2463214865134313,1,7,-0.5628428027182536,5,1,1,1,1,0,-1.4163004902629792,-0.8143176768627757,0.48359178286519044,-0.18753212643778389,-0.07029112333816674,-1.468466059975444
100161,1.2434760036675099,0,3,-0.9759071927516478,0,1,1,1,1,0,0.07847575275863472,0.7540378661413751,1.0919200573079721,0.01569227602523744,0.44466216119052776,-0.054780322333620735
100474,-0.2504024904410549,0,4,-0.2614462014085833,3,6,1,1,1,0,0.8258638742694416,0.5136439175950893,-0.00329285430744462,0.1550162220437005,-0.7350489997297541,-1.468466059975444
100203,1.101201861371456,1,9,1.5282061288317315,5,7,0,1,1,1,0.4521698135140382,0.9013399123734694,0.836466585565686,2.105027692069031,0.8285364278391909,0.6520625464872909
100489,1.4568872171115905,0,3,1.4377216541345936,3,2,0,1,0,0,0.8258638742694416,0.7054356681460141,0.22449722218098367,1.004578028216434,1.1094200375821153,1.3589054153082025
100452,-0.6060878461811894,0,9,0.7339444211701551,6,4,0,1,1,0,0.4521698135140382,-0.037804098121507194,-0.40288016392135656,0.1424456404480497,-1.2687278582413104,1.3589054153082025
100026,-0.9617732019213239,1,4,0.9059488376720205,5,3,0,0,1,1,0.07847575275863472,-0.6225259263118509,-0.9517521201540008,0.14977847971217934,-1.5683370419670961,-0.054780322333620735
100395,-1.1751844153654045,1,5,-1.5067999295010392,0,0,0,1,1,1,0.07847575275863472,-0.1828629659845848,-0.2990203220292642,0.5604174785034389,-1.5496114679842345,-0.7616231911545324
100215,-1.6731439134015929,1,4,-0.9147314192004727,0,4,0,1,1,1,-0.29521830799676874,0.19174782164119808,0.716221843434952,-0.5531265411779615,0.7349085579248829,-0.7616231911545324
100300,1.0300647902234292,1,5,1.620696366596121,0,2,0,1,1,1,0.4521698135140382,-0.6090668560977509,-1.1567631889935865,-0.9962395424246522,0.12632740348188026,-1.468466059975444
100144,-1.1751844153654045,0,5,-0.7562147359773711,7,6,0,1,0,1,-1.4163004902629792,-0.8367494605529423,0.4169864973422582,-0.15453434974920052,0.8004480668648986,0.6520625464872909
100432,0.8166535767793486,1,2,1.3096598223815985,0,0,0,1,1,0,-0.29521830799676874,0.41830883691188114,1.1006231479496356,1.4796412576854039,-1.1563744143441406,-0.054780322333620735
100390,-1.6731439134015929,0,7,-0.9817607461928108,1,3,0,1,0,0,0.4521698135140382,0.6112221766473143,0.4536194043798709,-0.6615478074404496,-0.19200735422676726,-0.7616231911545324
100412,1.4568872171115905,1,7,-1.2974842265542785,1,1,0,1,0,1,0.07847575275863472,0.735718576127739,1.0647006972909339,-0.19172232030300082,0.33230871729335804,1.3589054153082025
100465,0.4609682210392141,0,1,-0.5972273124425674,7,0,0,1,1,1,0.4521698135140382,-0.6748667549222398,-1.2435720777918085,-0.9632417657360689,0.4727505221648202,1.3589054153082025
100049,0.034145794151052684,1,1,-0.46523582243536493,2,2,0,0,1,0,0.07847575275863472,-0.3608217832599068,-0.5632212879368956,0.5101351521208357,-1.3623557281556185,-0.054780322333620735
100017,-0.2504024904410549,0,7,-0.8272351221341384,2,7,1,1,0,1,-1.4163004902629792,-1.4525019228480165,-1.4113285902622337,-1.0208569313828018,-0.060928336346735924,0.6520625464872909
100477,-0.9617732019213239,1,5,-1.1725129072824567,0,5,0,1,1,0,-0.29521830799676874,0.2612863510807147,0.8342020058579063,-0.2221012258258236,0.9596154457192223,0.6520625464872909
100333,0.31869407874316025,0,1,1.6695305571926764,7,3,1,1,0,1,0.4521698135140382,0.745812878788314,0.6312334991076904,1.3827430245522623,-0.3418119460896602,-1.468466059975444
100388,0.10528286529907958,1,2,-0.9401718630024503,7,0,1,1,1,0,-0.6689123687521722,-0.6830917422753009,-0.40336860268185815,-1.0308086418126918,0.32294593030192725,-0.054780322333620735
100041,-0.3215395615890818,1,7,1.682424748339294,2,5,0,1,1,0,0.4521698135140382,1.086775990878847,1.0811744045769394,2.241208992688582,0.875350362796345,-0.7616231911545324
100054,-1.3174585576614584,1,7,0.05059322433956505,4,4,0,1,1,0,-1.0426064295075756,-0.9799390131085061,-0.5978560364088202,-0.8396310467121693,-1.0346581834555402,0.6520625464872909
100468,1.0300647902234292,1,3,0.30127267380587236,5,0,1,1,1,1,-0.6689123687521722,-1.0831252180832727,-1.1952166405021594,-0.7097350368904444,-1.3436301541727567,-0.054780322333620735
100428,1.172338932519483,1,2,-1.2397673709456087,5,5,0,1,0,1,1.5732519957802487,-0.08528470693235991,-1.0882929554760121,-0.7537320724752221,-1.0346581834555402,-0.054780322333620735
100012,-0.10812834814500111,0,0,-0.24363993744420648,4,2,0,1,1,0,-0.6689123687521722,-0.516722679906565,-0.07402766753279902,0.3105771692898792,1.025154954659238,1.3589054153082025
100146,-0.7483619884772431,1,4,1.5156394092062977,2,1,0,1,0,0,-1.0426064295075756,-0.26810374400721804,1.093030145400021,-0.8930560184936852,0.27613199534477323,0.6520625464872909
100162,0.24755700759513338,1,2,-0.21912050729555885,2,2,0,1,1,0,0.8258638742694416,1.2067860336212386,0.8199484747559986,1.6247267202685403,0.12632740348188026,-1.468466059975444
100385,-0.2504024904410549,0,0,0.9412543610496642,0,7,0,1,1,0,-0.29521830799676874,0.19847735674824807,0.7276335490212146,-0.8862469534627077,1.5213826652050708,-0.7616231911545324
100087,1.5280242882596176,0,7,0.14637864428586797,7,6,0,1,1,1,0.07847575275863472,0.36148165156345896,0.5091238089823146,0.08849689443338167,-1.437258024087065,-0.054780322333620735
100248,-0.3926766327371087,0,9,-1.4706347933802877,3,7,0,1,1,0,0.4521698135140382,-0.0049041487092627905,-0.35945351776040485,0.7385007177751586,-1.0346581834555402,-0.7616231911545324
100236,0.6032423633352678,0,8,0.6142331132073505,1,5,0,0,1,0,-1.0426064295075756,-1.418106521189761,-1.6386746315138427,-1.2670308209642966,-0.07965391032959754,0.6520625464872909
100040,-1.3174585576614584,0,5,1.0584891656335154,7,6,0,1,0,1,-0.29521830799676874,0.5282245769936976,1.287117947413846,0.7070742637860317,-0.6601467037983078,1.3589054153082025
100164,-0.890636130773297,1,3,0.3131639834188642,3,6,0,1,0,1,0.07847575275863472,0.11547975709463151,0.14390482669823568,-0.4892260847334032,1.2592246294450082,-0.7616231911545324
100350,-1.530869771105539,0,4,-1.126114286124707,7,7,0,1,0,1,0.07847575275863472,-0.9496561051267811,-1.4374378621872232,-0.8899133730947725,1.4932943042307785,-0.054780322333620735
100442,0.4609682210392141,0,4,-0.9975817140600101,1,7,1,1,1,0,-0.6689123687521722,0.019770813349920514,0.9879270048448341,1.063240742329471,-1.324904580189895,0.6520625464872909
100197,1.314613074815537,1,1,1.060781466281803,6,4,1,1,1,1,0.4521698135140382,0.8355400135489807,0.7496576967674639,0.861587662565906,-1.0346581834555402,1.3589054153082025
100069,-0.5349507750331625,0,9,1.4443120184984204,7,2,0,1,1,0,0.8258638742694416,1.9133872198614876,1.6591750723449457,0.08483047480131685,-1.2031883493012947,-0.7616231911545324
100170,1.172338932519483,0,3,0.6373198554508184,7,4,0,1,0,1,0.4521698135140382,1.3439937771927577,1.420639343125484,0.9616285410979604,-0.25754686316678294,0.6520625464872909
100073,-1.1040473442173777,1,9,-0.9835823065293965,2,5,0,1,1,1,-0.29521830799676874,0.4138224801738478,1.093030145400021,0.5771782539643067,-0.894216378584078,-0.054780322333620735
100430,-0.7483619884772431,0,6,0.35336111264419306,6,4,0,1,0,0,-0.29521830799676874,-0.7257121312866175,-0.84043248628334,-0.4530856626459071,1.4464803692736243,0.6520625464872909
100151,0.9589277190754023,0,4,1.3130778063839559,2,7,0,1,1,0,0.4521698135140382,-0.528312434813151,-1.050194732156895,-1.1329446172773547,1.0345177416506688,0.6520625464872909
100376,-0.03699127699697421,0,4,-1.5204513985403947,2,4,1,1,1,1,0.8258638742694416,0.12669564893971483,-0.4628693244156776,0.9611047668648083,-0.6788722777811693,-0.054780322333620735
100160,-0.7483619884772431,1,2,-1.6350868979248483,3,3,1,1,1,1,-1.0426064295075756,-1.4973654902283497,-1.8269455719253316,-0.9962395424246522,-0.7818629346869083,1.3589054153082025
100154,-1.530869771105539,1,8,1.520224010502873,2,2,1,1,1,0,0.07847575275863472,0.5080359716725477,0.7267010750238934,-0.3959942712323264,0.2574064213619116,-0.054780322333620735
100396,1.2434760036675099,0,4,1.054170634947902,7,6,1,1,1,1,-1.7899945510183826,-1.6027948735721331,-1.4912549328897526,-1.2172722688148454,1.568196600162225,-0.7616231911545324
100117,-1.1751844153654045,0,7,-1.0529653350802441,0,2,0,1,0,0,0.4521698135140382,1.388857344573091,1.47982924019353,1.018719932511541,1.1655967595307,1.3589054153082025
100414,-0.81949905962527,1,7,0.41359540557196434,0,1,1,1,1,0,-1.0426064295075756,-0.5477533140112955,0.4287534311179761,-0.49813024669698913,-1.5402486809928038,-0.7616231911545324
100172,-1.3885956288094852,1,5,-0.6565610586870828,0,6,0,1,1,1,0.4521698135140382,-0.3159582158795735,-0.7699640942000776,-0.044541760787255996,-0.5197048989268456,-0.7616231911545324
100283,0.4609682210392141,1,2,-0.1386034470244572,2,0,0,0,0,0,-0.29521830799676874,-0.3645604138749346,-0.22766385947236248,-0.07963463440844781,-1.287453432224172,1.3589054153082025
100148,1.172338932519483,1,4,-1.552993880958049,5,2,0,1,0,1,-0.6689123687521722,-0.12790509594367652,0.695618608446525,0.7987347545876521,1.5213826652050708,-0.7616231911545324
100111,-1.4597326999575122,1,9,-1.5328339154351625,4,7,1,1,0,0,1.5732519957802487,0.9839636489655832,-0.030023775563981375,0.33833720364694136,1.5962849611365173,-0.7616231911545324
100436,1.314613074815537,1,4,-1.5562276622297404,6,4,0,1,1,0,1.5732519957802487,-0.6116838975282703,-1.6092794988363885,-0.09849050680192402,0.6412806880105748,1.3589054153082025
100037,1.314613074815537,1,7,-1.1683990462975835,0,0,0,1,1,0,-1.4163004902629792,-1.3549236637957918,-1.1215955982374781,-1.2879817902903812,1.3060385644021621,-1.468466059975444
100176,1.314613074815537,0,7,0.8793827105159733,5,3,1,1,1,0,1.199557935024845,1.24604165507903,0.5190257947633905,0.23777255088173496,-0.25754686316678294,-0.054780322333620735
100311,-1.6731439134015929,1,4,-0.6088934853847453,4,2,0,1,0,1,0.07847575275863472,-0.08864947448588491,-0.15914922243110632,0.4975645705251849,-1.5589742549756653,0.6520625464872909
100021,0.31869407874316025,0,0,1.2130761906024097,1,1,1,1,1,0,1.5732519957802487,0.6796391169023225,-0.3312128766986815,-0.17181889944322037,0.2667692083533424,0.6520625464872909
100104,-0.10812834814500111,1,7,-0.4664638406398047,6,0,0,1,1,1,-0.29521830799676874,0.6987061330389641,1.5764069042017819,0.2765318441349916,0.9221642977534991,1.3589054153082025
100052,0.1764199364471065,0,4,1.24498419694777,1,2,0,1,1,1,1.5732519957802487,1.5021378522084325,0.48283692296259745,2.50309610926464,-1.4934347460356496,1.3589054153082025
100198,-0.10812834814500111,1,5,-1.0484012007537429,6,7,0,1,0,1,-0.29521830799676874,-0.535041969920201,-0.5169084127366169,-0.3132379423942919,-0.547793259901138,-0.054780322333620735
100406,-1.3174585576614584,1,8,-1.0694617129598851,1,6,0,1,1,1,-0.29521830799676874,-0.7369280231317008,-0.8594371944192165,-1.2083681068512595,0.30422035631906563,-1.468466059975444
100030,1.6702984305556714,0,5,1.52599569606374,6,1,0,1,1,1,0.07847575275863472,0.4844825987978727,0.691711098362513,0.5625125754360474,1.1843223335135618,0.6520625464872909
100342,0.31869407874316025,0,1,0.27712164911855663,5,3,0,1,1,0,2.3206401172910556,2.342955877528179,0.7048101378486898,0.20582232265945583,0.44466216119052776,0.6520625464872909
100348,1.5991613594076444,0,2,-0.3089091050101808,3,1,1,1,1,0,0.4521698135140382,0.9820943336580693,0.9430350424023777,1.4696895472555136,-1.4559835980699265,-0.7616231911545324
100033,0.1764199364471065,1,9,1.4398092850821413,2,6,0,1,1,0,-0.6689123687521722,0.12632178587821205,1.1988437423341198,-0.03616137305682213,-1.081472118412694,1.3589054153082025
100383,0.4609682210392141,0,8,-0.9909708827261092,0,0,0,1,0,1,1.5732519957802487,-0.6857087837058203,-1.6825453129116141,0.044499858848603864,0.5663783920791283,-0.054780322333620735
100287,-0.4638137038851356,1,3,1.654221263577327,7,0,1,1,1,1,-0.29521830799676874,-0.6920644557513675,-0.783329554828346,0.08744934596707744,1.212410694487854,0.6520625464872909
100267,-0.179265419293028,1,9,-1.0216918048071777,1,0,0,1,1,1,1.199557935024845,1.4591436001356133,0.7491248544832804,0.7924494637898266,-0.08901669732102835,0.6520625464872909
100089,0.034145794151052684,0,0,1.5245630081585602,2,6,0,1,1,0,0.07847575275863472,-0.7088882935189925,-1.0799894965474865,-1.1172313902827913,-1.5027975330270806,-0.054780322333620735
100487,1.6702984305556714,1,4,-1.5852702927647413,3,2,0,1,0,1,0.07847575275863472,0.7331015346972196,1.0608375907306038,0.16182528707467803,-0.7818629346869083,-1.468466059975444
100168,0.1764199364471065,0,3,-1.643314619894595,1,7,1,1,1,0,-0.29521830799676874,-0.016867766677351664,0.36228135616608953,0.6499828723724509,0.5944667530534207,0.6520625464872909
100408,1.3857501459635637,1,0,-0.11832067968112682,5,2,1,1,0,0,-0.6689123687521722,0.0216401286574344,0.991656900834118,-0.7657788798377209,-0.9035791655755088,-0.7616231911545324
100297,-1.2463214865134313,1,6,-0.38672452523151496,0,7,0,1,1,1,1.5732519957802487,0.2231523188074314,-0.7830187301625723,-0.5656971227736122,1.1936851205049925,-0.054780322333620735
100470,-1.7442809845496197,0,5,-0.5524865158608114,7,7,0,1,1,1,1.199557935024845,0.05341848888517047,-0.7686763920133008,0.9097748920159008,-0.28563522414107534,0.6520625464872909
100220,0.4609682210392141,0,4,0.5392421348562279,4,0,0,1,0,0,-0.29521830799676874,-1.0285412111038672,-1.3542256588072397,-1.2099394295507158,-0.1264678452867516,-1.468466059975444
100434,-1.2463214865134313,1,4,-0.8983987770814237,6,4,0,1,1,0,0.07847575275863472,-1.169487585290414,-1.7638037612495916,-0.5651733485404601,-0.4448026029953991,1.3589054153082025
100402,0.6743794344832947,1,4,-1.0112536500694396,7,7,0,1,1,0,0.07847575275863472,0.7226333689751419,1.0452963574419196,0.18644267603282752,-0.5197048989268456,1.3589054153082025
100097,-0.03699127699697421,1,0,1.4875382592947008,1,6,1,0,1,1,0.07847575275863472,-0.4236307775923734,-0.6564686876690009,-0.3362840086529851,-0.9223047395583703,0.6520625464872909
100044,-0.5349507750331625,1,5,-1.0020025795959933,4,7,0,1,1,0,-1.0426064295075756,-0.4445671090365289,0.6738608818423673,-0.08591992520627321,-1.137648840361279,-0.054780322333620735
100156,0.8166535767793486,1,3,1.4939239539577875,7,3,1,1,0,0,0.8258638742694416,0.22090914043841473,-0.3509724447371516,1.0098157705479551,1.6243733221108096,1.3589054153082025
100034,-0.6772249173292163,0,9,1.199977329755052,0,3,0,0,1,1,-0.6689123687521722,-1.2644488029121197,-1.5541747259470826,-1.1318970688110506,-0.4448026029953991,-0.054780322333620735
100378,0.38983114989118717,1,8,0.7042673145628605,2,0,0,1,1,1,-0.6689123687521722,-0.5952339228221482,-0.22944000041964108,-0.11420373379648753,0.9034387237706374,1.3589054153082025
100019,-0.10812834814500111,1,5,-1.1867988523941062,4,0,0,1,0,1,-2.163688611773786,-1.7856139106469913,-1.8442629461612938,-1.4901586442870984,0.20122969941332672,-0.7616231911545324
100451,-0.4638137038851356,1,3,0.4254867151849562,2,3,0,1,0,0,1.199557935024845,1.4516663389055577,0.7410434131731649,0.9956738662528479,-1.6432393378985426,0.6520625464872909
100182,0.9589277190754023,1,1,1.1460673305801456,5,1,0,1,1,0,1.5732519957802487,2.4027739673686233,1.3742376608778415,0.6478877754398424,0.6693690489848672,1.3589054153082025
100461,-1.7442809845496197,1,7,1.4400548887230293,1,1,0,1,1,1,-0.29521830799676874,0.16482968121299812,0.6705750210899025,-0.6840700994659906,0.9128015107620682,-0.054780322333620735
100410,-1.7442809845496197,0,5,-1.2234551957966338,5,3,0,1,0,1,-0.29521830799676874,-0.835627871368434,-1.0269272857475504,-0.8438212405773863,0.35103429127621966,-0.7616231911545324
100013,0.7455165056313217,0,3,1.4924093981723119,5,5,1,0,1,1,-0.29521830799676874,0.6964629546699475,1.5725882011651338,-0.8040143988578253,-0.744411786721185,-1.468466059975444
100001,0.9589277190754023,0,0,-0.5051668810497318,0,0,1,1,1,0,-0.6689123687521722,-0.04939385302809329,0.8510309413333671,-0.4253256282888449,-0.1264678452867516,-0.7616231911545324
100067,-1.530869771105539,1,0,1.0918093929139814,6,0,1,1,1,0,0.8258638742694416,-0.3611956463214096,-1.0423353084651887,-0.19224609453615293,-0.6507839168068769,-0.054780322333620735
100281,-1.4597326999575122,1,7,-0.07104197881019526,4,4,1,1,1,1,1.5732519957802487,1.6584126119165936,0.6375387994705278,-0.07177802091116607,1.6430988960936714,-0.7616231911545324
100425,-0.2504024904410549,0,8,0.6159728056636402,1,4,0,1,1,0,1.199557935024845,2.4760511274231676,1.8470907845669784,4.269262823453578,-1.5496114679842345,-0.7616231911545324
100016,-1.6020068422535658,0,5,1.4139390349086098,7,2,0,1,1,1,0.07847575275863472,-1.1433171709852197,-1.7249062745041992,-0.515414796391009,-0.4167142420211067,1.3589054153082025
100466,1.5991613594076444,1,5,-1.2421620064442664,5,2,1,1,0,0,-0.6689123687521722,-0.06995632141074605,0.8103129101170146,0.3074345238909665,-1.0533837574384017,-0.7616231911545324
100324,-1.3174585576614584,1,2,0.6649502650507135,6,6,1,1,1,0,-0.29521830799676874,-0.8064665525712174,-0.9774617603658527,-1.1627997485670254,-0.22945850219249048,-0.7616231911545324
100316,0.532105292187241,0,0,1.2541943334810683,7,1,0,1,1,0,-2.163688611773786,-1.7990729808610912,-1.9241892887888126,-1.3916890884545003,-1.2406394972670178,-0.054780322333620735
100476,-1.6020068422535658,0,2,0.26138254913165343,2,1,0,1,0,0,0.07847575275863472,0.18875691714917586,0.2526934597190251,1.1559487815973957,-0.7818629346869083,0.6520625464872909
100462,-1.7442809845496197,1,6,-0.868517000773389,0,1,0,1,0,1,0.8258638742694416,0.5439268255768143,0.03267399987493893,1.7362906319299412,1.4558431562650551,-0.054780322333620735
100418,0.1764199364471065,0,5,-0.40307763432063803,0,1,1,1,1,1,1.5732519957802487,1.818799865301285,0.7962813966335165,2.2495893804190157,-0.48225375096112233,-1.468466059975444
100323,-1.2463214865134313,1,5,0.6424979988795395,5,6,0,1,1,0,0.4521698135140382,0.6471130305515809,0.5009979641485166,1.6393923987967995,-0.42607702901253747,1.3589054153082025
100438,0.9589277190754023,1,7,-1.4763246110608585,4,2,1,1,1,0,0.4521698135140382,1.0688305639267137,1.0575073264544572,1.2947489533827066,-0.6414211298154461,-0.7616231911545324
100292,-0.10812834814500111,0,9,1.520326345353243,5,4,1,1,1,0,0.07847575275863472,-0.5204613105215927,-0.8002472973511707,-0.4028033362633039,0.875350362796345,-0.7616231911545324
100453,-0.4638137038851356,1,4,1.475687883621857,7,6,0,1,1,0,0.8258638742694416,1.7014068639894129,1.4074070930682614,1.5037348724104012,-1.1563744143441406,-0.054780322333620735
100382,-0.10812834814500111,1,9,0.8284608889718703,3,4,0,1,1,0,-1.7899945510183826,-1.4644655408161054,-0.9436262753202032,-1.394307959620261,0.5289272441134051,-0.7616231911545324
100322,-0.3926766327371087,1,4,0.858035660728795,6,4,0,1,1,1,1.946946056535652,1.32006654125658,0.05194512915290698,1.6739614981848392,-0.500979324943984,1.3589054153082025
100238,-0.2504024904410549,1,7,-0.23363158907802226,6,5,0,1,1,0,0.07847575275863472,-0.23258675316445418,-0.37281897838867323,-0.1503441558839836,0.032699533567572166,1.3589054153082025
100455,0.034145794151052684,0,8,1.5731515951142274,4,5,1,1,1,0,-0.6689123687521722,-0.10360399694599601,0.7437076245940824,0.17177699750456824,0.7068201969505904,-0.7616231911545324
100224,-1.6731439134015929,1,4,-1.5729287098101215,3,4,0,1,1,1,-0.29521830799676874,-0.6045804993597176,-0.6348885751595708,-0.23100538778940957,1.558833813170794,-0.054780322333620735
100301,-0.3926766327371087,1,9,-1.0661869977480458,7,7,0,1,0,0,0.8258638742694416,0.5607506633444393,0.05265558553181862,0.2105362907578249,-0.9972070354898168,-0.7616231911545324
100499,0.532105292187241,1,4,0.9770920256492318,0,1,0,0,1,0,-0.29521830799676874,-0.9545163249263172,-1.2286524938346715,-0.6416443865806691,-0.8286768696440623,1.3589054153082025
100247,-1.6020068422535658,1,0,0.49055121305019056,5,4,0,1,1,0,0.8258638742694416,-0.832263103814909,-1.6018197068578202,-0.1754853190752852,1.708638405033687,0.6520625464872909
100381,1.4568872171115905,0,6,-1.6009479918414224,5,5,1,0,0,0,0.8258638742694416,0.9073217213575139,0.46427625006354,0.5750831570316982,0.9128015107620682,-0.7616231911545324
100183,0.532105292187241,1,2,0.19805774372270876,0,2,0,1,1,1,-0.29521830799676874,0.41157930180483115,1.089211442363373,-0.39913691663123907,-0.27627243714964456,-1.468466059975444
100356,0.31869407874316025,0,3,-0.768003710739993,4,0,0,1,1,0,0.4521698135140382,-0.23819469908699584,-0.6673031474473982,-0.9428145706431363,0.1544157644561727,1.3589054153082025
100369,0.532105292187241,1,9,-0.5675502058352727,7,0,0,1,0,0,-0.29521830799676874,0.4093361234358145,1.0854371428504066,0.36609723800400357,0.7442713449163136,-1.468466059975444
100317,-1.530869771105539,1,9,-1.3824835532715853,4,7,0,1,0,0,0.07847575275863472,-0.27969349891380413,-0.44279893171143403,-0.07858708594214359,0.7536341319077444,-0.7616231911545324
100278,-1.7442809845496197,0,4,-1.1838720756735248,3,3,0,1,1,0,0.4521698135140382,0.593276749695181,0.42995232625738883,0.5195630883175738,-1.3061790062070335,-0.054780322333620735
100257,1.101201861371456,0,1,1.660627425210488,4,6,0,1,1,1,-1.0426064295075756,-0.47746705844877335,0.5957106801621266,0.21891667848825877,1.3341269253764547,-0.054780322333620735
100114,1.101201861371456,1,0,-0.9198072277788238,2,4,1,1,1,1,-1.0426064295075756,-0.8917073305938505,-0.3882714046299936,-0.3844712381029798,-1.3623557281556185,1.3589054153082025
100327,0.532105292187241,0,4,-1.4991452826933647,3,4,0,1,0,0,0.8258638742694416,1.3783891788510132,1.0237606484561714,0.9181552797463347,1.2966757774107314,-0.054780322333620735
100231,-1.0329102730693507,1,6,0.6301768828949937,3,2,0,1,1,1,0.4521698135140382,1.3739028221129799,1.4601140756787419,1.0339093852729524,0.07951346852472621,0.6520625464872909
100413,-0.6772249173292163,0,5,0.9519176524582164,3,0,0,1,1,1,2.3206401172910556,2.9261822534725113,1.1995986022367129,2.824169714186888,0.3884854392419429,0.6520625464872909
100361,1.101201861371456,1,0,-0.2255676028688677,1,2,0,1,1,1,0.4521698135140382,1.5443843781582465,1.6850623266515252,0.8715393729957963,-0.30436079812393696,-0.7616231911545324
100289,-0.6772249173292163,0,5,-1.2339956853847418,4,4,0,1,1,0,2.694334178046459,0.19922508287125362,-1.2366895316211053,-0.42584940252199704,-1.4559835980699265,1.3589054153082025
100475,0.24755700759513338,1,0,0.3083951793916231,7,5,0,1,1,1,0.8258638742694416,-0.7784268229585091,-1.5378786327558052,-0.14196376815354972,0.09823904250758783,1.3589054153082025
100351,0.6743794344832947,1,4,-1.7150513500039521,2,2,0,0,1,0,0.07847575275863472,-1.132849005263142,-1.7093650412155148,-0.8160612062203241,1.3715780733421779,0.6520625464872909
100409,-0.3926766327371087,1,4,0.5734219748798018,3,3,0,1,0,1,0.07847575275863472,1.0994873349699414,1.604780755834551,-0.3933754000665658,-1.4278952370956342,1.3589054153082025
100127,1.314613074815537,0,0,-1.4395249988678132,1,3,1,1,1,0,-0.6689123687521722,-1.0849945333907864,-1.1989465364914438,-0.6212171914877366,1.6150105351193789,0.6520625464872909
100011,-1.0329102730693507,0,7,-1.6230318525512644,6,7,0,1,0,0,-1.0426064295075756,-0.3608217832599068,0.8727886679375249,-0.0015922736687824161,-1.4934347460356496,-0.054780322333620735
100187,1.101201861371456,0,3,-0.4206792285842749,4,0,0,1,1,1,1.199557935024845,1.6872000676523073,0.9953423932997204,0.8935378907881852,1.605647748127948,-0.054780322333620735
100426,-0.2504024904410549,1,2,-1.491326900125098,0,0,1,1,1,0,1.199557935024845,-0.8363755974914395,-1.7294354339197584,-0.6526436454768636,-1.2125511362927255,1.3589054153082025
100268,0.38983114989118717,1,0,0.5451980231477609,2,6,0,1,1,0,-1.4163004902629792,-0.7223473637330925,0.756673453509213,0.0801165067029478,-1.2406394972670178,0.6520625464872909
100251,0.034145794151052684,1,4,1.406980265083451,0,7,0,1,0,1,0.07847575275863472,0.3300771543972257,0.4625001091162619,1.2224681092077145,-0.7256862127383233,-1.468466059975444
100223,-0.4638137038851356,0,2,1.0864061128144462,6,7,0,1,0,1,0.07847575275863472,1.162296329302408,1.6980281555666563,0.7280252331121163,-0.3886258810468142,0.6520625464872909
100427,1.6702984305556714,1,3,1.6858017984015035,5,5,0,1,1,0,1.199557935024845,1.34698468168478,0.6279920418789077,-0.5965998025295871,-1.0065698224812476,0.6520625464872909
100370,-0.3215395615890818,0,5,0.16117626364936732,5,7,1,1,1,0,0.07847575275863472,0.5786960902965727,0.8315821979606708,0.7206923938479867,-1.6526021248899734,1.3589054153082025
100201,0.4609682210392141,0,5,-0.6232612983766908,5,7,0,1,1,0,0.4521698135140382,-0.3099764068955291,-0.7620602669846895,-0.6536911939431679,0.6319179010191439,1.3589054153082025
100039,0.8166535767793486,1,5,0.858158462549239,4,5,1,1,1,0,0.07847575275863472,-0.14099030309627372,-0.23685538887452737,-1.0465218688072555,1.51201987821364,0.6520625464872909
100250,-0.4638137038851356,0,9,-0.5078685210994993,3,2,1,1,1,1,0.4521698135140382,-0.31894912037159573,-0.7738716042840896,0.1047338956610973,-0.25754686316678294,-1.468466059975444
100339,0.10528286529907958,1,0,0.8501558772503065,3,4,0,1,1,1,-2.163688611773786,-1.8342161086423523,-2.1328858500940004,-1.461351061463732,-1.0533837574384017,1.3589054153082025
100336,1.3857501459635637,0,4,-0.20332000639843367,7,4,0,1,1,0,0.8258638742694416,1.7081363990964629,1.4153997273310135,3.3076133313862917,0.24804363437048077,1.3589054153082025
100314,1.101201861371456,1,9,0.5802988768246646,6,7,1,1,1,1,0.8258638742694416,0.6549641548431392,0.1645524652103446,1.5445892625962663,0.7255457709334521,-1.468466059975444
100407,0.7455165056313217,1,7,-0.891173936645303,3,7,0,1,1,0,0.07847575275863472,-1.169487585290414,-1.7638037612495916,-0.5546978638774177,-1.324904580189895,0.6520625464872909
100053,1.5280242882596176,1,0,1.4121379415420983,3,5,0,1,1,1,-0.6689123687521722,0.03472533581003161,1.0175441551406978,-0.044017986554103876,1.268587416436439,0.6520625464872909
100246,0.24755700759513338,1,4,0.7345174963322271,6,1,0,1,1,0,0.4521698135140382,1.5174662377300465,1.6495395077059611,0.9820557361908929,0.6600062619934364,0.6520625464872909
100046,-0.03699127699697421,1,1,-0.7799973552033548,4,6,0,1,1,1,-1.4163004902629792,-0.795250660726134,0.5402062755596829,-0.37923349577145865,-1.1095604793869867,-0.7616231911545324
100094,-0.7483619884772431,1,9,1.1516548134103466,1,4,1,1,0,1,0.4521698135140382,0.11473203097162596,-0.20159899107105494,0.9930549950870874,0.5382900311048359,-0.054780322333620735
100165,0.4609682210392141,0,8,1.4837518698310115,0,7,0,1,1,1,-0.6689123687521722,-1.1541591997688003,-1.3358426000029104,-1.3010761461191842,-0.5758816208754304,-0.7616231911545324
100480,0.8166535767793486,1,5,-1.081250687722507,5,3,0,1,0,0,1.199557935024845,-0.5260692564441344,-1.394366444215727,0.25977106867412386,-1.5215231070099422,1.3589054153082025
100029,-0.03699127699697421,1,9,-0.5515245682673335,4,4,0,1,1,1,0.4521698135140382,-0.2830582664673291,-0.7265374480391256,0.6782666809626652,-0.7818629346869083,-0.054780322333620735
100027,-0.2504024904410549,1,2,0.8698451024614909,4,4,0,1,1,1,1.199557935024845,-0.7279553096556342,-1.6123433419704434,-0.96847950806759,-0.9503931005326628,-0.7616231911545324
100240,1.5991613594076444,1,8,-1.6445017041588867,2,3,0,1,0,0,-0.29521830799676874,-0.4655034404806844,-0.39892825031366264,-0.3409979767513541,1.1655967595307,-0.054780322333620735
100280,-0.9617732019213239,0,4,-1.3710629839702955,1,5,1,1,1,1,1.946946056535652,-0.14697211208031818,-1.2883752331869007,-0.8495827571420596,0.07951346852472621,-0.7616231911545324
100359,-1.3885956288094852,1,4,-0.05251937089322856,7,2,0,1,1,0,0.4521698135140382,-0.36680359224395126,-0.8370578184835115,-0.013115306798128985,1.2404990554621464,-0.054780322333620735
100373,0.532105292187241,0,9,0.6487404247521084,6,7,0,1,1,0,0.8258638742694416,-0.22324017662688475,-0.8784863060787753,-0.016257952197041688,-0.2669096501582137,-0.054780322333620735
100188,-1.6020068422535658,1,3,0.5286811782980458,2,4,0,1,1,0,-1.4163004902629792,-1.0027446598601755,-0.07589261552744093,-0.8312506589817354,-0.7537745737126158,-1.468466059975444
100263,-1.7442809845496197,1,7,-0.1763240728708325,1,3,0,1,1,1,-0.29521830799676874,0.6762743493487975,1.5383530844063464,-0.3279036209225512,-1.044020970446971,-1.468466059975444
100222,-1.7442809845496197,0,5,-0.7693545307648767,6,0,1,1,0,1,-1.4163004902629792,-0.6786053855372676,0.886553760278931,-0.9422907964099841,0.8191736408477601,1.3589054153082025
100354,1.314613074815537,1,3,-0.31486499330171375,4,0,0,1,1,1,-1.4163004902629792,-1.4222190148662917,-1.3214114548062752,-0.8317744332148875,0.09823904250758783,-1.468466059975444
100417,-0.7483619884772431,0,7,-0.19408940289506132,6,3,0,1,0,1,1.5732519957802487,-0.6363588595874536,-1.6337014368614637,-0.04820818041932081,-0.5571560468925688,1.3589054153082025
100132,-1.7442809845496197,0,5,0.8463285538464691,5,5,0,1,0,1,-1.0426064295075756,-1.2760385578187057,-1.3012078515309857,-0.8851994049964035,-0.7537745737126158,-0.7616231911545324
100269,0.31869407874316025,1,3,0.43201567863856105,2,0,0,1,1,1,1.199557935024845,1.7058932207274462,1.0155459965750098,0.9820557361908929,0.7629969188991753,0.6520625464872909
100256,-1.3174585576614584,1,9,1.4477914034109998,4,6,1,1,1,0,-1.4163004902629792,-0.8636676009811423,0.3370601547147394,-0.7972053338268479,0.7349085579248829,1.3589054153082025
100312,0.6743794344832947,1,3,-1.4670735405874122,7,5,1,1,1,0,0.4521698135140382,-0.4415762045445067,-0.9357224481048151,-0.5861243178665447,-1.0346581834555402,-0.7616231911545324
100135,1.5280242882596176,0,9,-1.2262591706967712,0,3,1,1,1,1,0.07847575275863472,-0.39484332185665955,-0.6137524978869603,0.30952962082357494,0.11696461649044945,-1.468466059975444
100254,-0.3926766327371087,0,4,1.2432035705513325,3,2,0,1,1,0,-1.7899945510183826,-1.0935933838053504,0.5246650422709987,-0.6180745460888238,0.4633877351733894,0.6520625464872909
100302,0.6743794344832947,1,2,0.8777248859399795,1,1,1,1,1,0,1.5732519957802487,1.6049501941216964,0.5846097992416378,0.08168782940240416,1.6992756180422561,-0.7616231911545324
100485,-1.4597326999575122,1,0,-0.4291116202547614,5,5,0,1,1,0,-0.6689123687521722,-1.0120912363977448,-1.0546350845250902,-1.2858866933577728,1.0626061026249611,-0.7616231911545324
100398,0.9589277190754023,0,4,0.3041585165863058,6,1,1,1,0,1,-0.29521830799676874,-0.6292554614189009,-0.6767610979916545,-0.20272157919919526,1.2779502034278698,-0.7616231911545324
100362,0.8166535767793486,1,1,0.38363176138363364,0,7,0,1,1,0,0.4521698135140382,-0.24118560357901805,-0.671255061055092,-0.5986948994621956,0.8285364278391909,-1.468466059975444
100081,-0.179265419293028,0,7,-0.014184735944633398,1,2,1,1,1,0,3.81541636031267,0.3659680083014923,-1.4132823453042398,0.0486900527138208,-1.1001976923955556,-0.7616231911545324
100066,1.172338932519483,0,9,-1.3137145338229577,1,1,0,1,1,1,0.07847575275863472,-0.1697777588319876,-0.27957157865656795,0.4362829852463872,1.5962849611365173,-0.054780322333620735
100084,-0.6772249173292163,0,2,-1.008940882451078,2,0,0,1,0,0,0.07847575275863472,-0.9653583537098978,-1.4607053085965676,-1.1816556209605016,0.6880946229677288,1.3589054153082025
100446,1.0300647902234292,1,9,0.0463770285043218,6,0,0,1,1,0,-0.29521830799676874,-0.8378710497374506,-1.0307459887841985,-0.9852402835284577,-0.547793259901138,1.3589054153082025
100464,0.6032423633352678,0,3,-0.7603899978724663,0,5,0,1,0,0,0.4521698135140382,-0.8333846929994173,-1.4527570778574976,-0.9690032823007422,1.3715780733421779,-0.7616231911545324
100353,-0.6060878461811894,0,8,0.8387148409789424,2,5,0,1,1,1,0.4521698135140382,0.7278674518361807,0.6075664209852083,-0.5656971227736122,-0.6601467037983078,-0.7616231911545324
100071,1.314613074815537,1,1,-0.2531366115585408,3,4,0,1,0,0,1.199557935024845,1.3245528979946133,0.6037921214722425,0.9946263177865438,-0.8661280176097855,0.6520625464872909
100080,-0.81949905962527,0,0,0.6731165861102381,6,0,0,1,1,1,1.5732519957802487,-0.5006465682619455,-1.4993807777235502,-0.5698873166388292,-0.1264678452867516,1.3589054153082025
100018,-1.6731439134015929,1,2,-1.1675394335544758,7,1,1,1,1,0,0.8258638742694416,0.7996491596447141,0.3363941018595102,1.4471672552299726,1.7180011920251177,1.3589054153082025
100445,0.6743794344832947,1,4,1.3372492980413455,2,0,0,1,1,1,1.199557935024845,1.9526428413192793,1.2819671386667388,3.1379104798450057,1.2966757774107314,-0.7616231911545324
100233,0.8877906479273754,0,4,-1.467769417569928,7,5,0,1,1,1,1.199557935024845,0.9133035303415583,0.1597568846526938,2.062078204950558,-0.3886258810468142,1.3589054153082025
100479,-0.6772249173292163,0,0,0.3244003499894882,6,4,0,1,1,0,-0.6689123687521722,-0.630750913664912,-0.29977518193185726,-0.08225350557420841,0.9221642977534991,-0.054780322333620735
100259,1.0300647902234292,1,7,-0.9541508035629898,2,0,0,1,1,1,-0.6689123687521722,-0.92797204755962,-0.8881218707177596,-0.8244415939507579,-0.16391899325247483,-1.468466059975444
100103,-1.2463214865134313,0,4,0.1103158430154864,4,1,0,1,0,1,-1.0426064295075756,-0.49092612866287333,0.5637401431111189,-0.533223120318181,-0.28563522414107534,0.6520625464872909
100042,-1.1751844153654045,1,5,0.24674866552874608,6,6,1,1,1,0,0.07847575275863472,-0.4524182333280872,-0.6991848774510415,-0.6746421632692525,-0.10774227130388997,-1.468466059975444
100058,0.6743794344832947,1,9,0.6989663693136954,2,2,0,1,0,1,3.0680282388018627,3.8481285631383604,1.3644244821441294,0.2079174195920643,0.24804363437048077,1.3589054153082025
100096,-1.7442809845496197,1,1,-1.0234724312036154,3,6,1,1,1,0,1.199557935024845,2.5059601723433897,1.8793721462837596,3.8444819203672114,0.6225551140277131,-0.054780322333620735
100337,-1.2463214865134313,1,0,1.070789814647987,0,1,1,1,1,1,-0.29521830799676874,-0.7930074823571174,-0.9545939456696458,-0.3787097215383065,-0.4541653899868299,-0.7616231911545324
100261,-0.5349507750331625,1,5,0.8996450108892297,7,7,0,1,0,1,-1.4163004902629792,-1.122754702602567,-0.4322308930751288,-1.004619930155086,0.9034387237706374,-0.054780322333620735
100191,-1.2463214865134313,1,0,0.48136154348696625,3,3,1,1,0,1,-0.29521830799676874,0.512522328410581,1.260475833204673,-0.457275856511124,-0.2669096501582137,1.3589054153082025
100469,1.3857501459635637,1,5,-1.4652724472209007,5,3,0,1,1,0,1.199557935024845,0.5768267749890588,-0.2035527461130612,-0.6102179325915421,-0.19200735422676726,0.6520625464872909
100389,1.172338932519483,1,2,-1.3493884626619332,0,7,0,1,1,1,-1.4163004902629792,-1.0218116759968172,-0.1325071082219334,-1.080043419728991,-0.3137235851153678,1.3589054153082025
100143,0.10528286529907958,0,2,-0.09965480297364215,7,3,1,1,1,1,-1.4163004902629792,-1.6050380519411498,-1.8642445318181735,-1.2958384037876631,1.1562339725392692,-0.7616231911545324
100416,-0.179265419293028,1,3,0.836320205480285,2,7,0,1,0,1,-1.4163004902629792,-0.9556379141108255,0.0639784840707169,-0.9339104086795503,0.8098108538563293,-0.7616231911545324
100208,-1.6731439134015929,1,7,1.5157008101165197,7,2,0,1,1,0,-1.4163004902629792,-1.1721046267209336,-0.5787625212255799,-1.062235095801819,1.5401082391879324,1.3589054153082025
100047,-0.81949905962527,1,8,0.35851878910284013,2,5,1,1,1,0,0.07847575275863472,-0.48905681335535944,-0.7536235974851182,-0.6468821289121903,-0.547793259901138,-1.468466059975444
100177,-0.3926766327371087,1,4,0.3375196778069199,7,2,0,1,1,1,-0.6689123687521722,-0.15033687963384318,0.6512150847645701,-0.023067017228019206,1.6899128310508253,1.3589054153082025
100255,0.4609682210392141,0,8,0.08598061559750474,2,3,1,1,1,1,-1.4163004902629792,-1.446893976925475,-1.3946772688815008,-1.291648209922446,-0.5103421119354148,1.3589054153082025
100343,0.532105292187241,1,4,0.9768873559484919,1,6,0,1,1,0,0.07847575275863472,-1.072657052361195,-1.6200251515674218,-1.1161838418164869,1.362215286350747,1.3589054153082025
100178,0.31869407874316025,0,2,1.149771852163539,6,3,1,1,1,0,0.8258638742694416,-0.6572951910316093,-1.3940112160262714,-0.5709348651051334,-0.6414211298154461,0.6520625464872909
100237,-1.3885956288094852,1,1,1.5719235769097877,6,0,0,1,1,0,-0.29521830799676874,-0.13351304186621818,0.16437485111561695,-0.5374133141833979,-0.2388212891839213,-0.7616231911545324
100472,0.9589277190754023,1,0,-1.0567517245439335,7,4,0,1,1,0,-1.7899945510183826,-1.6439198103374386,-1.654082654231481,-1.3602626344653734,-1.0065698224812476,-0.054780322333620735
100147,0.034145794151052684,1,4,0.5355376132728346,4,6,1,1,0,1,-0.6689123687521722,0.20857165940882305,1.361671463675848,-0.41537391785895467,-0.1358306322781824,-1.468466059975444
100163,0.7455165056313217,1,2,0.2588855787826259,4,7,0,1,1,1,-0.29521830799676874,0.10202068688053152,0.5640065642532108,0.4907555054942074,1.1562339725392692,-1.468466059975444
100245,-0.6772249173292163,1,2,1.4670712892207045,3,7,0,1,1,1,-0.6689123687521722,-0.4942908962163983,-0.029624143850844144,-0.11472750802963964,0.21059248640475753,0.6520625464872909
100344,0.1764199364471065,1,1,0.23884841508018348,2,2,0,1,1,0,1.946946056535652,1.4860617405638132,0.20358316252678327,0.8694442760631879,-1.587062615949958,-0.7616231911545324
100219,0.8166535767793486,0,0,-0.9637702794977681,6,0,1,1,1,1,-0.29521830799676874,-0.5776623589315176,-0.5892417528145213,-0.7071161657246837,-0.18264456723533645,-0.7616231911545324
100299,0.8877906479273754,0,3,0.8279696816900944,6,6,1,1,1,0,-1.7899945510183826,-1.6140107654172164,-1.5356584565717075,-1.161228425867569,-1.6526021248899734,-0.7616231911545324
100454,0.1764199364471065,1,3,-0.7995842455641693,5,2,0,1,1,0,1.5732519957802487,0.21903982513090084,-0.7871038543413122,-0.8584869191056455,-1.287453432224172,-0.7616231911545324
100028,1.314613074815537,1,7,0.01790747313139288,6,1,1,1,1,0,-0.29521830799676874,0.6515993872896142,1.4964805615742631,1.8719481583163393,-0.07029112333816674,-0.054780322333620735
100244,-1.3885956288094852,1,8,0.7313246490006836,1,1,0,1,0,1,-0.6689123687521722,-0.1727686633240098,0.6068115610826152,-0.5086057313600315,-1.1189232663784174,1.3589054153082025
100252,-1.6020068422535658,0,4,-0.2654986614832346,2,2,1,1,0,1,-1.0426064295075756,-0.9305890889901395,-0.4806307338884595,-0.7254482638850078,-0.791225721678339,-0.7616231911545324
100341,-0.3215395615890818,0,2,-0.6271090887506021,6,7,1,1,0,0,0.8258638742694416,0.816472997412339,0.35637568751638987,-0.6605002589741453,0.8940759367792066,-1.468466059975444
100139,-1.4597326999575122,1,0,-0.6128231436389526,3,5,0,1,1,0,1.946946056535652,0.1850182865341481,-0.985054762915467,0.6028431913887604,1.3715780733421779,1.3589054153082025
100258,0.532105292187241,1,3,1.1564645513777358,2,0,1,1,0,0,2.3206401172910556,1.9638587331643627,0.38319541582029043,2.5392365313521363,0.5289272441134051,-0.054780322333620735
100199,-0.7483619884772431,1,3,-1.2764646482882842,5,5,0,1,1,1,-1.0426064295075756,-0.6898212773823509,0.09128665113511907,-0.2477661632502773,-0.6601467037983078,-1.468466059975444
100277,-1.6731439134015929,1,0,0.8913968219494091,5,3,1,0,1,1,1.199557935024845,0.5207473157636421,-0.2641191524152476,0.4918030539605116,0.24804363437048077,-1.468466059975444
100031,0.10528286529907958,1,1,-1.3104602855811922,0,5,0,1,1,1,0.8258638742694416,1.4692379027961882,1.131661211003322,0.019358695657302256,0.875350362796345,-1.468466059975444
100221,0.532105292187241,0,7,-0.790517377821389,4,0,0,1,1,1,-0.6689123687521722,-0.9429265700197311,-0.9176946174899414,-1.0308086418126918,0.23868084737904996,-0.054780322333620735
100447,-0.6772249173292163,0,7,-0.4801153096791603,7,2,1,1,1,0,-1.4163004902629792,-1.280898777618242,-0.9017981560118016,-1.3057901142175532,-1.231276710275587,-1.468466059975444
100025,0.532105292187241,1,7,0.0542158780426624,6,7,1,1,0,0,-0.29521830799676874,-0.5866350724075843,-0.6044721614374315,-0.48974985896655526,0.7161829839420212,-1.468466059975444
100008,-0.4638137038851356,1,0,0.6185516438929638,7,3,0,1,0,0,0.8258638742694416,0.43288949631048945,-0.09920446546046725,0.8956329877207937,1.3247641383850237,-0.7616231911545324
100095,1.3857501459635637,0,5,-0.40575880740033154,7,2,1,1,0,0,-0.29521830799676874,0.28820449150891464,0.8798932317266377,0.6316507742121268,1.1843223335135618,-0.054780322333620735
100085,1.3857501459635637,1,3,1.379595459124444,0,0,0,1,1,0,0.07847575275863472,0.8665706476537112,1.2590105169231685,1.1690431374261987,0.1825041254304651,1.3589054153082025
100108,0.6743794344832947,1,3,1.099218436080768,2,4,0,1,1,1,0.4521698135140382,1.2722120693842245,1.3258822235881926,-0.4132788209263462,0.8004480668648986,0.6520625464872909
100307,0.24755700759513338,1,4,1.3240890362837658,5,1,0,1,1,0,0.4521698135140382,0.3360589633812701,0.0904873877088441,1.385885669951175,-0.39798866803824506,-1.468466059975444
100137,-1.6020068422535658,1,4,0.5412478979234795,3,0,1,1,1,1,0.4521698135140382,-0.10061309245397379,-0.48578154263556617,-0.147725284718223,-1.530885894001373,-0.054780322333620735
100340,0.6032423633352678,0,4,-1.5210449406725406,7,1,0,1,0,0,-1.0426064295075756,-1.1623841871218614,-1.0312344275446998,-0.6793561313676215,-0.8754908046012163,0.6520625464872909
100138,-1.7442809845496197,1,3,-0.6931150672392403,5,7,0,1,1,1,0.8258638742694416,2.0076007113601877,1.7710719520234723,1.261227402460971,1.6899128310508253,-1.468466059975444
100035,-0.7483619884772431,1,0,0.08993074082178604,2,4,0,1,1,0,-0.29521830799676874,0.21642278370038137,0.7580943662670357,-0.3017149092649453,1.5307454521965016,-0.054780322333620735
100366,1.4568872171115905,1,0,0.29572612491581934,5,6,0,1,1,0,0.07847575275863472,-0.21950154601185698,-0.3534146385396589,-0.12677431539213832,0.3697598652590813,0.6520625464872909
100420,-1.6731439134015929,0,8,0.7151966765823745,6,3,0,1,1,0,2.3206401172910556,2.5665259883068394,0.8945019910180008,3.041012246711864,-1.577699828958527,0.6520625464872909
100024,-0.3215395615890818,0,4,-0.8549883335544775,7,4,1,1,1,0,-0.29521830799676874,-0.1514584688183515,0.13391403386979583,-0.7919675914953267,1.0064293806763762,-1.468466059975444
100363,-0.10812834814500111,1,7,-0.7321455791703514,3,3,0,1,0,0,-2.163688611773786,-1.8540308509019994,-2.2505551878511807,-1.484397127722425,-1.577699828958527,1.3589054153082025
100357,0.24755700759513338,1,5,1.374806188127129,1,3,1,1,0,0,-1.4163004902629792,-1.2293056751308584,-0.7486059993090572,-0.6657380013056665,-1.3717185151470492,0.6520625464872909
100310,-0.5349507750331625,1,6,-1.0846686717248646,6,0,0,1,1,1,-0.6689123687521722,-1.1635057763063696,-1.3543588693782858,-1.1376585853757237,-0.6039699818497228,-1.468466059975444
100193,-1.1751844153654045,0,5,-1.586846249460439,7,0,0,1,0,1,-1.0426064295075756,-0.22324017662688475,1.1995986022367129,-0.27290732644157895,-1.6619649118814044,-0.054780322333620735
100006,-0.3215395615890818,1,7,0.3122429697655344,3,4,1,1,0,1,-0.29521830799676874,0.33082488052023123,0.9522265718045421,-0.5007491178627497,0.3884854392419429,-1.468466059975444
100003,-0.7483619884772431,0,9,-0.2020510542538459,0,2,0,1,1,0,-0.6689123687521722,0.24221933494407302,1.4282767491987804,-0.42742072522145336,1.7180011920251177,-0.7616231911545324
100471,-0.6772249173292163,1,1,1.279000301210752,7,7,0,1,1,0,0.07847575275863472,0.2934385743699535,0.4081057926058672,0.0015503717301302848,-1.4278952370956342,-0.054780322333620735
100394,0.532105292187241,0,0,-0.37972482146620823,1,4,0,1,1,0,0.4521698135140382,1.0120033785782916,0.9825097749556355,1.8384266073946038,0.9128015107620682,-1.468466059975444
100010,-1.0329102730693507,0,1,-0.0651884253690323,3,6,0,1,1,0,-0.29521830799676874,-1.122754702602567,-1.5140783440622774,-0.7416852651127235,1.5869221741450865,-0.054780322333620735
100077,1.5991613594076444,0,4,-1.5177497584906272,3,7,1,1,1,0,-0.29521830799676874,0.6358971387064976,1.4698384473650903,0.26134239137358023,0.435299374199097,-0.7616231911545324
100235,-1.4597326999575122,0,4,0.04834185763142545,5,5,0,1,1,1,0.8258638742694416,-0.024718890968909987,-0.6427035953275948,-0.3535685583470049,-0.7725001476954774,-1.468466059975444
100242,0.532105292187241,1,5,-0.7293416042702139,3,0,0,1,1,0,1.5732519957802487,1.0538760414666026,0.03920131785618591,1.5885862981810441,-1.4278952370956342,-0.7616231911545324
100004,1.2434760036675099,0,5,-1.1879040687781022,7,5,1,1,0,1,-0.6689123687521722,-0.5466317248267871,-0.13326196812452645,-0.7385426197138107,1.5307454521965016,-0.054780322333620735
100204,1.6702984305556714,1,0,1.2000182636952001,2,4,0,1,1,1,-0.29521830799676874,0.505792793303531,1.2490641276184105,-0.5122721509920963,-0.7163234257468926,1.3589054153082025
100271,0.6743794344832947,1,4,1.111273481454352,4,3,0,1,1,0,-0.29521830799676874,-0.26137420890016805,-0.05258076559441463,-0.919244730151291,1.174959546522131,0.6520625464872909
100005,-1.2463214865134313,1,7,0.36336946101037726,1,3,0,1,0,0,-1.4163004902629792,-0.838992638921959,0.4103259687899649,-0.7144490049888134,-1.044020970446971,-0.054780322333620735
100218,-0.179265419293028,0,7,1.1456375242085917,6,3,0,1,1,0,0.8258638742694416,-0.47559774314125947,-1.1782100909319706,-0.2200061288932151,-0.11710505829532078,1.3589054153082025
100463,1.5280242882596176,1,6,0.2770397812382607,2,4,0,1,1,0,1.5732519957802487,1.691312561328838,0.670086582329401,0.9820557361908929,-1.0346581834555402,1.3589054153082025
100216,-1.6731439134015929,0,0,-0.5713365952989621,5,7,0,1,1,0,-1.4163004902629792,-0.9051664008079506,0.2138403764973146,-0.5814103497681757,0.6880946229677288,0.6520625464872909
100347,-1.4597326999575122,0,1,-1.5038526858103838,4,1,1,1,0,0,0.07847575275863472,0.515887095964106,0.7383347982285656,0.8484933067371031,-0.6320583428240153,1.3589054153082025
100173,0.1764199364471065,1,8,-1.643028082313559,4,4,0,1,1,1,-1.7899945510183826,-1.6857924732257497,-1.8198410081362186,-1.2303666246436484,-0.3137235851153678,0.6520625464872909
100032,1.172338932519483,0,8,1.5102975300169847,0,6,0,1,1,1,-1.0426064295075756,-0.36680359224395126,0.8585795403592996,-0.5772201559029588,-0.0047516143981510715,-1.468466059975444
100063,-1.530869771105539,1,6,0.7487215735635805,3,1,0,1,1,0,0.07847575275863472,1.0262101749153971,1.4959921228137616,2.1458820822548965,0.0701506815332954,0.6520625464872909
100456,0.8166535767793486,0,4,-1.143327007956938,7,0,0,1,1,1,0.8258638742694416,-0.818804033600809,-1.5858344383323164,-0.23310048472201805,0.4540249481819586,-0.7616231911545324
100272,-1.3174585576614584,1,9,1.6164597037908037,1,3,0,1,1,0,-0.29521830799676874,-0.7481439149767841,-0.8784863060787753,-0.457275856511124,-0.5197048989268456,1.3589054153082025
100213,-0.6060878461811894,1,4,-0.5080117898900173,5,4,0,1,1,0,-0.6689123687521722,-0.7055235259654675,-0.44777212636381303,-1.1931786540898481,-0.6695094907897385,1.3589054153082025
100007,0.9589277190754023,0,7,-0.9197867608087499,6,7,1,1,1,0,0.8258638742694416,1.4456845299215133,1.1036869910836902,2.533998789020615,0.8566247888134834,-0.054780322333620735
100491,-0.9617732019213239,1,5,0.4562895051463207,5,7,0,1,1,1,-1.0426064295075756,-0.773566603158973,-0.10764113496003858,-0.4567520822779719,0.013973959584710547,1.3589054153082025
100321,1.5991613594076444,1,6,-0.32737031201692557,4,5,1,1,1,1,-1.7899945510183826,-1.2065000283791891,0.0776547693647592,-1.2754112086947305,0.9783410197020839,-0.054780322333620735
100304,-0.03699127699697421,1,9,0.5289472489090077,1,6,1,1,1,0,1.946946056535652,2.782618837855445,1.3881359637902935,1.0873343570544685,-0.2388212891839213,-1.468466059975444
100431,1.2434760036675099,1,2,-1.3642474829356546,5,2,1,1,1,1,0.07847575275863472,-0.6539304234780842,-0.9983758200200534,-1.0868524847599683,1.661824470076533,1.3589054153082025
100478,0.034145794151052684,0,3,-1.1542973039166,7,5,1,1,1,0,0.07847575275863472,0.9712523048744888,1.4144228498100104,1.936896163227202,1.3341269253764547,-0.054780322333620735
100450,0.31869407874316025,1,7,0.2666834943808185,4,3,1,1,1,1,1.5732519957802487,1.5473752826502687,0.5276400783576896,2.4926206246015976,-1.3436301541727567,0.6520625464872909
100391,0.034145794151052684,0,9,0.1303734736880028,7,2,0,1,1,0,1.5732519957802487,1.4363379533839438,0.41774135724485123,1.4518812233283418,-0.5103421119354148,-0.054780322333620735
100298,0.7455165056313217,1,5,0.2049755796077195,4,3,1,1,1,0,0.4521698135140382,0.5753313227430477,0.4062408446112253,1.3062719865120533,-0.40735145502967585,0.6520625464872909
100086,-0.5349507750331625,0,0,-0.05047267388582893,6,0,0,1,0,1,-0.29521830799676874,-0.7930074823571174,-0.9545939456696458,-0.7175916503877261,-0.014114401389581881,-1.468466059975444
100375,-0.5349507750331625,1,7,-1.5003118999875824,7,6,0,1,1,0,0.07847575275863472,0.6493562089205975,0.9365077244211302,-0.15924831784756957,0.14505297746474188,-1.468466059975444
100439,-1.530869771105539,0,7,1.6513149538268195,1,0,0,1,1,0,-0.6689123687521722,-0.6905690035053564,-0.41815497606794927,-0.3415217509845062,1.3715780733421779,1.3589054153082025
100423,-0.2504024904410549,0,3,-1.0836862571613126,1,3,0,1,1,1,1.199557935024845,1.6872000676523073,0.9953423932997204,0.5127540232865962,1.362215286350747,-1.468466059975444
100167,-0.2504024904410549,1,3,0.404242000248148,2,5,0,1,1,0,0.07847575275863472,0.6833777475173503,0.9869945308475129,-0.00892511293291205,1.6150105351193789,1.3589054153082025
100371,0.4609682210392141,0,9,-1.6191021942970572,4,7,1,1,1,0,0.07847575275863472,1.0864021278173441,1.5853764159855368,2.2548271227505365,-0.894216378584078,1.3589054153082025
100009,-0.179265419293028,1,0,0.6630673038039058,2,6,0,1,1,1,-0.29521830799676874,-0.8176824444163007,-0.9964664685017294,-1.1334683915105068,1.2217734814792849,-1.468466059975444
100099,-1.1751844153654045,1,0,1.6808692586136702,1,4,0,1,1,0,0.07847575275863472,0.07884117706735932,0.08951051018784097,0.9956738662528479,-1.587062615949958,-0.7616231911545324
100134,0.8166535767793486,1,9,-1.1334209944411238,0,0,0,1,1,1,-1.0426064295075756,-0.9919026310765949,-0.6262742915652718,-0.5494601215458966,-1.184462775318433,-0.054780322333620735
100437,-1.4597326999575122,1,0,0.5467944468135325,1,3,0,1,1,1,0.07847575275863472,0.2227784557459286,0.30318026614540783,0.4546150834067113,0.875350362796345,-0.054780322333620735
100386,-0.179265419293028,0,7,0.008451732957206566,4,0,0,1,1,0,0.8258638742694416,0.7155299708065891,0.2364861735751117,1.1412831030691364,-1.3529929411641877,-0.054780322333620735
100110,0.532105292187241,1,5,-0.3114674762694304,2,3,0,1,1,0,0.07847575275863472,-0.551865807687826,-0.8468709972172234,-0.9045790516230318,-1.437258024087065,-1.468466059975444
100225,1.314613074815537,1,0,-0.538016368018496,7,2,1,1,0,1,0.07847575275863472,0.38241798300761454,0.5402062755596829,-0.2477661632502773,0.6412806880105748,1.3589054153082025
100345,1.5280242882596176,0,6,-0.8427286184801537,6,1,1,1,0,0,-1.4163004902629792,-1.2214545508393002,-0.725294149376031,-0.6824987767665343,1.6430988960936714,1.3589054153082025
100082,1.0300647902234292,0,0,1.3380884438143794,2,2,0,1,1,1,1.5732519957802487,1.0908884845553775,0.07583422489379868,-0.3938991742997179,0.7817224928820369,-0.7616231911545324
100217,0.1764199364471065,0,5,0.9169191336316825,7,5,0,1,1,0,0.07847575275863472,0.9712523048744888,1.4144228498100104,0.30638697542466226,0.39784822623337374,-1.468466059975444
100309,1.4568872171115905,0,7,-0.15706465403120193,1,4,1,1,1,1,0.07847575275863472,0.3588646101329395,0.5052162988983026,1.4785937092190997,-0.5571560468925688,-0.7616231911545324
100274,0.034145794151052684,1,0,0.10063496617048613,4,7,0,1,1,1,0.07847575275863472,-0.2142674631508181,-0.3456440218953168,-0.2938582957676636,-0.16391899325247483,-0.7616231911545324
100411,-1.2463214865134313,0,5,-1.58172950694194,7,5,1,1,0,0,0.8258638742694416,-0.5260692564441344,-1.2381548479026097,-0.587171866332849,1.6899128310508253,-0.7616231911545324
100174,0.1764199364471065,0,5,0.10538330322765328,5,4,0,1,1,1,0.8258638742694416,0.5742097335585393,0.06864085405732197,0.29067374843009874,0.9128015107620682,-1.468466059975444
100443,0.31869407874316025,1,5,-0.11850488241179279,6,2,1,1,1,0,-0.6689123687521722,-0.5260692564441344,-0.09254393690817402,-0.04192288962149541,1.661824470076533,-0.054780322333620735
100129,-0.2504024904410549,1,4,0.5459348340704248,7,1,1,1,0,0,1.5732519957802487,0.12445247057069816,-0.8807064822628731,0.19429928953010928,-1.1001976923955556,0.6520625464872909
100091,1.3857501459635637,0,6,-0.15847687496630766,3,5,0,1,1,0,-1.4163004902629792,-1.2764124208802086,-0.8884770989072152,-0.8003479792257605,1.2873129904193006,0.6520625464872909
